id_gastos;id_periodo;categoria;item;valor
1;16;Outros;Taxas;1169.91
2;11;Educação;Livros;414.31
3;21;Alimentação;Supermercado;362.78
4;2;Transporte;Combustível;445.64
5;33;Lazer;Viagem;952.8
6;33;Educação;Livros;1106.31
7;17;Alimentação;Delivery;144.53
8;4;Outros;Outros;379.25
9;17;Moradia;Aluguel;76.96
10;27;Transporte;Manutenção;1281.99
11;7;Saúde;Academia;553.02
12;16;Saúde;Academia;725.33
13;3;Moradia;Aluguel;673.64
14;13;Moradia;Aluguel;209.83
15;34;Moradia;Aluguel;46.91
16;20;Saúde;Consulta;1148.79
17;11;Outros;Presentes;627.88
18;35;Moradia;Energia;1197.92
19;16;Educação;Cursos;225.48
20;29;Transporte;Pedágio;1035.72
21;27;Alimentação;Supermercado;1476.55
22;3;Lazer;Cinema;1038.72
23;9;Transporte;Ônibus;1170.26
24;26;Saúde;Consulta;1246.38
25;14;Educação;Cursos;736.34
26;28;Saúde;Academia;38.24
27;20;Moradia;Água;412.73
28;26;Transporte;Combustível;47.42
29;25;Transporte;Manutenção;787.11
30;32;Educação;Material;399.29
31;3;Outros;Outros;939.18
32;26;Alimentação;Supermercado;429.71
33;4;Lazer;Cinema;129.76
34;4;Educação;Cursos;1115.86
35;20;Saúde;Farmácia;1188.35
36;25;Lazer;Cinema;1300.08
37;33;Outros;Outros;1000.85
38;13;Alimentação;Delivery;141.24
39;30;Outros;Outros;930.9
40;23;Outros;Outros;810.43
41;34;Lazer;Streaming;258.52
42;35;Outros;Outros;589.91
43;27;Educação;Livros;156.87
44;8;Outros;Outros;1011.69
45;19;Lazer;Streaming;1080.63
46;2;Alimentação;Delivery;449.4
47;8;Moradia;Aluguel;391.82
48;34;Lazer;Viagem;1012.86
49;31;Educação;Livros;815.45
50;2;Saúde;Academia;774.47
51;13;Outros;Presentes;1236.18
52;28;Saúde;Academia;344.67
53;28;Lazer;Streaming;1436.84
54;6;Transporte;Pedágio;673.63
55;6;Alimentação;Café;76.79
56;2;Alimentação;Supermercado;1274.13
57;30;Transporte;Manutenção;1493.28
58;32;Outros;Presentes;831.33
59;36;Outros;Taxas;412.31
60;24;Moradia;Água;875.48
61;32;Outros;Presentes;513.45
62;24;Moradia;Energia;139.52
63;20;Transporte;Ônibus;1498.68
64;10;Outros;Taxas;1195.98
65;11;Saúde;Farmácia;1385.34
66;27;Moradia;Água;747.08
67;26;Saúde;Consulta;212.15
68;11;Saúde;Farmácia;348.13
69;7;Moradia;Aluguel;1445.84
70;16;Outros;Taxas;1430.21
71;22;Alimentação;Restaurante;1103.68
72;4;Educação;Material;299.26
73;4;Educação;Material;103.54
74;32;Moradia;Internet;82.54
75;28;Lazer;Viagem;32.22
76;7;Educação;Cursos;738.31
77;19;Moradia;Energia;716.76
78;11;Transporte;Pedágio;939.9
79;28;Moradia;Energia;675.95
80;26;Moradia;Água;138.12
81;36;Lazer;Streaming;64.42
82;21;Lazer;Cinema;289.6
83;22;Outros;Taxas;1462.74
84;35;Educação;Livros;61.29
85;3;Outros;Presentes;233.78
86;32;Transporte;Manutenção;349.71
87;28;Outros;Taxas;616.8
88;19;Saúde;Farmácia;901.88
89;6;Transporte;Ônibus;421.47
90;16;Outros;Taxas;1106.2
91;6;Saúde;Consulta;1105.55
92;10;Saúde;Consulta;1110.8
93;8;Transporte;Ônibus;664.08
94;22;Alimentação;Café;640.68
95;18;Educação;Cursos;738.01
96;33;Moradia;Internet;1072.63
97;1;Alimentação;Supermercado;952.75
98;18;Educação;Livros;641.07
99;28;Outros;Outros;862.8
100;1;Alimentação;Café;582.18
101;4;Transporte;Combustível;492.71
102;27;Outros;Outros;66.03
103;13;Educação;Livros;1391.78
104;36;Educação;Cursos;138.23
105;9;Lazer;Cinema;742.61
106;17;Alimentação;Café;357.29
107;36;Moradia;Água;199.8
108;30;Outros;Taxas;837.14
109;6;Outros;Taxas;145.41
110;8;Saúde;Consulta;836.17
111;20;Transporte;Ônibus;843.42
112;36;Alimentação;Restaurante;1207.15
113;26;Educação;Livros;657.41
114;31;Alimentação;Restaurante;222.88
115;18;Outros;Taxas;585.83
116;2;Alimentação;Café;759.92
117;32;Transporte;Ônibus;1055.69
118;11;Saúde;Academia;475.52
119;9;Saúde;Academia;558.25
120;1;Lazer;Show;908.93
121;1;Educação;Material;404.45
122;6;Alimentação;Supermercado;1091.49
123;20;Moradia;Internet;442.95
124;25;Alimentação;Restaurante;1111.35
125;3;Alimentação;Delivery;1189.49
126;32;Outros;Presentes;466.57
127;30;Transporte;Combustível;1475.58
128;2;Transporte;Pedágio;800.02
129;3;Transporte;Combustível;691.81
130;14;Alimentação;Delivery;722.24
131;9;Transporte;Pedágio;1423.61
132;14;Outros;Taxas;1210.89
133;28;Alimentação;Supermercado;136.49
134;25;Moradia;Água;1271.59
135;1;Alimentação;Café;1292.07
136;14;Saúde;Academia;787.26
137;25;Lazer;Cinema;795.84
138;14;Lazer;Viagem;456.45
139;4;Saúde;Farmácia;532.33
140;21;Moradia;Aluguel;1373.1
141;3;Educação;Material;350.13
142;18;Moradia;Água;1312.74
143;31;Outros;Taxas;53.83
144;18;Educação;Material;1400.12
145;16;Lazer;Show;237.51
146;24;Saúde;Consulta;200.62
147;24;Moradia;Água;1215.03
148;14;Saúde;Consulta;1204.29
149;36;Transporte;Combustível;217.32
150;6;Lazer;Streaming;1425.53
151;20;Transporte;Combustível;876.46
152;11;Alimentação;Delivery;971.02
153;5;Outros;Presentes;1493.61
154;19;Outros;Taxas;1421.95
155;14;Lazer;Streaming;672.32
156;4;Moradia;Aluguel;742.87
157;18;Transporte;Manutenção;783.49
158;15;Educação;Cursos;616.69
159;15;Alimentação;Delivery;637.17
160;13;Saúde;Farmácia;1296.96
161;24;Alimentação;Café;594.83
162;30;Alimentação;Supermercado;1144.08
163;6;Outros;Presentes;571.54
164;25;Lazer;Viagem;669.88
165;24;Saúde;Academia;124.59
166;27;Educação;Livros;654.67
167;7;Lazer;Show;1239.18
168;16;Outros;Outros;946.02
169;7;Moradia;Internet;70.71
170;23;Outros;Presentes;1098.65
171;17;Alimentação;Supermercado;1127.77
172;21;Educação;Livros;1231.32
173;29;Moradia;Internet;1429.46
174;26;Outros;Taxas;1370.55
175;26;Educação;Material;715.93
176;30;Transporte;Ônibus;1254.23
177;24;Educação;Livros;1115.51
178;32;Educação;Material;1202.37
179;26;Transporte;Manutenção;966.16
180;31;Moradia;Energia;830.21
181;17;Saúde;Academia;1219.15
182;32;Alimentação;Café;189.49
183;31;Moradia;Internet;1331.72
184;26;Saúde;Consulta;300.44
185;10;Saúde;Academia;277.77
186;25;Transporte;Ônibus;1040.82
187;22;Alimentação;Supermercado;317.87
188;26;Transporte;Combustível;788.56
189;19;Moradia;Energia;635.21
190;31;Outros;Presentes;561.9
191;34;Saúde;Consulta;945.15
192;9;Outros;Taxas;1440.93
193;2;Saúde;Consulta;1339.94
194;15;Educação;Cursos;319.29
195;26;Moradia;Aluguel;850.71
196;17;Outros;Outros;331.43
197;25;Saúde;Farmácia;1481.37
198;35;Alimentação;Delivery;1391.23
199;2;Educação;Livros;570.69
200;35;Saúde;Academia;1144.94
201;32;Moradia;Energia;1224.97
202;16;Educação;Material;644.34
203;31;Alimentação;Delivery;949.64
204;35;Lazer;Show;385.16
205;11;Saúde;Farmácia;987.23
206;11;Alimentação;Supermercado;1125.51
207;13;Educação;Material;141.0
208;12;Alimentação;Supermercado;975.5
209;29;Alimentação;Supermercado;278.76
210;7;Moradia;Água;560.43
211;23;Saúde;Academia;723.94
212;7;Transporte;Combustível;915.74
213;22;Transporte;Pedágio;609.56
214;22;Alimentação;Café;217.34
215;18;Outros;Taxas;1266.72
216;2;Lazer;Cinema;1058.6
217;25;Outros;Outros;1160.59
218;30;Educação;Cursos;713.01
219;18;Transporte;Combustível;1474.23
220;34;Lazer;Show;1109.5
221;29;Moradia;Energia;156.48
222;32;Outros;Taxas;1052.56
223;31;Outros;Presentes;1418.05
224;11;Lazer;Cinema;1466.77
225;13;Outros;Taxas;1262.23
226;35;Saúde;Farmácia;1005.01
227;27;Transporte;Combustível;63.79
228;1;Outros;Presentes;1243.31
229;1;Moradia;Energia;790.41
230;9;Lazer;Streaming;559.31
231;4;Outros;Presentes;1312.11
232;34;Transporte;Manutenção;1333.81
233;17;Saúde;Consulta;1322.28
234;16;Lazer;Show;1389.07
235;36;Alimentação;Supermercado;161.32
236;24;Lazer;Viagem;1071.99
237;7;Alimentação;Delivery;826.0
238;18;Moradia;Energia;844.9
239;29;Outros;Outros;275.69
240;8;Moradia;Água;1384.41
241;28;Saúde;Farmácia;1423.55
242;6;Saúde;Farmácia;321.15
243;19;Outros;Presentes;1030.58
244;18;Moradia;Internet;686.25
245;34;Saúde;Consulta;720.15
246;20;Moradia;Aluguel;122.32
247;17;Lazer;Viagem;361.67
248;17;Moradia;Aluguel;801.51
249;21;Transporte;Combustível;328.06
250;16;Educação;Livros;682.98
251;35;Outros;Outros;849.01
252;29;Outros;Outros;912.39
253;32;Transporte;Ônibus;872.85
254;14;Saúde;Consulta;85.86
255;4;Transporte;Combustível;831.73
256;36;Transporte;Manutenção;1229.91
257;6;Saúde;Academia;252.15
258;9;Alimentação;Supermercado;130.51
259;17;Educação;Livros;1051.8
260;1;Transporte;Manutenção;547.1
261;20;Lazer;Cinema;170.38
262;8;Moradia;Aluguel;539.03
263;24;Lazer;Streaming;579.51
264;30;Saúde;Farmácia;937.89
265;6;Alimentação;Restaurante;217.6
266;33;Lazer;Show;1418.52
267;14;Transporte;Manutenção;149.19
268;33;Alimentação;Café;181.67
269;34;Alimentação;Delivery;1217.26
270;22;Moradia;Água;737.82
271;20;Alimentação;Supermercado;714.31
272;11;Moradia;Energia;718.91
273;2;Lazer;Viagem;92.43
274;16;Outros;Taxas;179.6
275;36;Outros;Presentes;576.98
276;4;Saúde;Academia;920.66
277;27;Moradia;Aluguel;1256.69
278;30;Transporte;Combustível;1009.27
279;25;Educação;Livros;1305.42
280;23;Lazer;Show;591.82
281;10;Alimentação;Restaurante;108.55
282;29;Moradia;Água;351.15
283;11;Saúde;Consulta;1447.34
284;20;Educação;Material;512.66
285;25;Outros;Presentes;571.98
286;20;Moradia;Internet;970.13
287;2;Transporte;Ônibus;610.52
288;11;Alimentação;Supermercado;367.89
289;5;Lazer;Streaming;322.44
290;7;Moradia;Energia;1415.49
291;14;Outros;Outros;673.1
292;7;Alimentação;Restaurante;1252.87
293;26;Educação;Livros;636.38
294;35;Moradia;Internet;1480.79
295;24;Outros;Presentes;1087.13
296;1;Educação;Livros;721.24
297;16;Outros;Outros;1164.59
298;10;Lazer;Cinema;1175.25
299;35;Lazer;Viagem;1416.51
300;24;Transporte;Ônibus;950.18
301;9;Saúde;Farmácia;351.73
302;24;Educação;Cursos;544.18
303;29;Lazer;Cinema;749.37
304;8;Saúde;Farmácia;1418.52
305;8;Lazer;Show;846.94
306;29;Transporte;Manutenção;1303.61
307;8;Educação;Livros;913.29
308;26;Alimentação;Restaurante;924.1
309;20;Outros;Presentes;181.6
310;8;Outros;Taxas;1210.18
311;34;Outros;Presentes;748.24
312;17;Saúde;Consulta;1325.99
313;36;Lazer;Streaming;447.66
314;32;Outros;Taxas;718.39
315;19;Educação;Livros;1264.02
316;29;Transporte;Combustível;168.33
317;16;Saúde;Academia;1131.97
318;34;Transporte;Pedágio;772.62
319;20;Transporte;Pedágio;319.44
320;33;Moradia;Energia;793.48
321;31;Saúde;Academia;1227.74
322;25;Educação;Material;747.04
323;14;Alimentação;Restaurante;752.37
324;4;Saúde;Consulta;319.69
325;33;Alimentação;Supermercado;44.83
326;31;Lazer;Streaming;347.58
327;35;Outros;Presentes;324.99
328;21;Lazer;Viagem;1308.76
329;8;Alimentação;Supermercado;806.32
330;14;Alimentação;Delivery;1064.93
331;12;Moradia;Água;75.66
332;9;Educação;Cursos;399.78
333;27;Transporte;Manutenção;557.58
334;28;Outros;Presentes;821.92
335;28;Lazer;Cinema;336.25
336;1;Outros;Outros;1173.69
337;14;Transporte;Manutenção;558.46
338;9;Moradia;Água;1278.98
339;17;Saúde;Consulta;1332.76
340;24;Transporte;Manutenção;47.38
341;18;Lazer;Show;1337.99
342;11;Outros;Taxas;1222.12
343;7;Educação;Cursos;1400.09
344;6;Alimentação;Restaurante;813.35
345;33;Outros;Outros;532.19
346;29;Transporte;Combustível;134.02
347;11;Moradia;Água;1475.05
348;13;Outros;Presentes;653.4
349;19;Moradia;Energia;1212.91
350;20;Educação;Cursos;879.39
351;20;Moradia;Internet;485.97
352;12;Transporte;Ônibus;1391.96
353;24;Alimentação;Supermercado;671.31
354;16;Alimentação;Restaurante;768.41
355;11;Alimentação;Delivery;1349.06
356;21;Transporte;Combustível;322.7
357;1;Alimentação;Delivery;668.32
358;30;Lazer;Cinema;500.04
359;11;Educação;Livros;1402.92
360;33;Outros;Outros;418.07
361;23;Transporte;Ônibus;519.04
362;4;Alimentação;Supermercado;1458.12
363;28;Saúde;Consulta;423.73
364;29;Transporte;Pedágio;875.22
365;24;Educação;Material;700.92
366;7;Transporte;Manutenção;781.88
367;36;Outros;Presentes;237.09
368;2;Saúde;Consulta;384.47
369;11;Alimentação;Restaurante;1425.46
370;19;Transporte;Ônibus;1024.48
371;21;Educação;Livros;380.23
372;5;Saúde;Farmácia;217.81
373;32;Alimentação;Restaurante;1449.03
374;30;Transporte;Combustível;679.81
375;36;Educação;Cursos;111.87
376;8;Outros;Presentes;464.71
377;5;Outros;Taxas;942.19
378;7;Educação;Material;523.29
379;36;Lazer;Streaming;903.04
380;29;Outros;Taxas;1478.37
381;8;Alimentação;Restaurante;849.46
382;3;Alimentação;Supermercado;906.02
383;2;Alimentação;Restaurante;615.78
384;14;Transporte;Manutenção;1087.17
385;25;Saúde;Farmácia;319.69
386;2;Saúde;Consulta;815.16
387;24;Alimentação;Café;218.71
388;19;Outros;Outros;995.78
389;11;Outros;Outros;284.3
390;9;Alimentação;Restaurante;628.94
391;29;Transporte;Pedágio;763.24
392;25;Transporte;Pedágio;151.0
393;19;Transporte;Ônibus;243.05
394;10;Lazer;Cinema;654.6
395;15;Outros;Taxas;344.44
396;31;Saúde;Academia;1256.74
397;8;Saúde;Farmácia;629.48
398;21;Transporte;Manutenção;1308.86
399;1;Educação;Livros;512.73
400;15;Transporte;Ônibus;295.26
401;19;Transporte;Combustível;1218.33
402;12;Educação;Material;1260.19
403;2;Educação;Material;912.47
404;3;Alimentação;Restaurante;1240.01
405;27;Educação;Cursos;997.17
406;33;Lazer;Show;854.73
407;9;Alimentação;Café;794.21
408;23;Educação;Livros;1074.73
409;28;Educação;Material;694.38
410;35;Transporte;Manutenção;1355.33
411;21;Saúde;Farmácia;341.07
412;12;Moradia;Água;989.2
413;29;Transporte;Combustível;587.95
414;2;Lazer;Viagem;672.37
415;23;Saúde;Consulta;81.41
416;24;Saúde;Academia;33.87
417;5;Outros;Presentes;225.91
418;21;Moradia;Internet;1455.49
419;7;Lazer;Viagem;1427.61
420;3;Transporte;Manutenção;421.72
421;18;Outros;Taxas;518.39
422;21;Outros;Presentes;469.31
423;15;Saúde;Farmácia;65.85
424;23;Saúde;Academia;185.26
425;23;Alimentação;Delivery;302.42
426;1;Transporte;Ônibus;1251.22
427;21;Outros;Outros;1187.15
428;2;Alimentação;Restaurante;1043.67
429;17;Moradia;Aluguel;22.86
430;32;Educação;Cursos;1257.71
431;9;Outros;Taxas;1349.37
432;3;Outros;Outros;1436.79
433;4;Saúde;Farmácia;789.11
434;16;Educação;Material;268.97
435;10;Moradia;Aluguel;331.35
436;8;Saúde;Farmácia;241.54
437;16;Lazer;Streaming;1253.84
438;22;Alimentação;Café;743.7
439;24;Outros;Presentes;1077.54
440;34;Saúde;Consulta;527.24
441;19;Lazer;Show;433.28
442;36;Outros;Taxas;905.48
443;12;Educação;Material;186.3
444;3;Lazer;Cinema;151.73
445;9;Transporte;Pedágio;996.27
446;7;Transporte;Pedágio;557.37
447;36;Alimentação;Delivery;306.68
448;27;Saúde;Farmácia;46.23
449;19;Saúde;Farmácia;715.06
450;29;Outros;Presentes;300.1
451;6;Outros;Presentes;66.37
452;9;Educação;Livros;522.77
453;12;Outros;Taxas;298.47
454;18;Moradia;Aluguel;1287.82
455;8;Transporte;Pedágio;1145.82
456;5;Educação;Livros;740.5
457;21;Moradia;Internet;329.79
458;16;Saúde;Academia;669.24
459;28;Outros;Presentes;1485.5
460;19;Transporte;Pedágio;430.01
461;31;Alimentação;Restaurante;72.43
462;35;Outros;Taxas;391.94
463;17;Educação;Livros;558.65
464;23;Lazer;Streaming;124.24
465;9;Moradia;Aluguel;1382.55
466;12;Transporte;Combustível;182.14
467;29;Lazer;Viagem;741.95
468;15;Saúde;Academia;548.61
469;15;Lazer;Streaming;640.8
470;19;Saúde;Consulta;847.09
471;25;Lazer;Cinema;950.34
472;4;Saúde;Farmácia;782.76
473;27;Transporte;Combustível;656.26
474;30;Outros;Presentes;684.16
475;15;Alimentação;Café;1362.03
476;5;Saúde;Academia;1066.07
477;19;Lazer;Viagem;185.44
478;29;Saúde;Consulta;1089.04
479;1;Saúde;Consulta;1311.82
480;32;Lazer;Viagem;855.47
481;34;Alimentação;Café;979.1
482;21;Outros;Outros;1378.6
483;21;Outros;Presentes;715.28
484;24;Transporte;Manutenção;507.01
485;4;Outros;Presentes;1242.99
486;34;Transporte;Combustível;1156.2
487;23;Alimentação;Restaurante;135.74
488;24;Saúde;Farmácia;1118.82
489;20;Saúde;Farmácia;534.52
490;35;Outros;Taxas;1491.08
491;2;Lazer;Viagem;338.32
492;18;Transporte;Ônibus;1128.4
493;4;Transporte;Ônibus;754.96
494;30;Educação;Cursos;693.92
495;21;Transporte;Combustível;1172.5
496;13;Lazer;Show;424.73
497;4;Outros;Taxas;712.02
498;8;Alimentação;Restaurante;241.91
499;5;Outros;Taxas;138.71
500;17;Outros;Taxas;1489.06
501;23;Lazer;Viagem;844.09
502;16;Saúde;Consulta;1330.24
503;3;Outros;Presentes;1272.21
504;32;Saúde;Farmácia;650.08
505;29;Educação;Cursos;1255.35
506;14;Moradia;Energia;1319.35
507;7;Lazer;Show;1372.26
508;33;Alimentação;Restaurante;358.71
509;16;Outros;Outros;1407.25
510;13;Outros;Presentes;491.02
511;3;Outros;Outros;1423.77
512;30;Moradia;Energia;935.17
513;14;Educação;Material;684.4
514;5;Moradia;Internet;608.0
515;11;Transporte;Pedágio;101.92
516;22;Outros;Taxas;885.54
517;15;Outros;Presentes;942.21
518;10;Moradia;Água;1141.6
519;13;Educação;Cursos;1267.5
520;15;Outros;Presentes;219.89
521;3;Moradia;Aluguel;565.37
522;14;Saúde;Consulta;1484.97
523;17;Outros;Presentes;1315.97
524;8;Outros;Presentes;1115.94
525;31;Alimentação;Supermercado;1407.14
526;6;Outros;Taxas;204.72
527;36;Moradia;Aluguel;1002.87
528;23;Alimentação;Café;1192.73
529;22;Transporte;Pedágio;1353.54
530;21;Lazer;Show;568.63
531;33;Transporte;Pedágio;1234.75
532;1;Outros;Outros;1041.19
533;1;Outros;Taxas;1418.08
534;21;Moradia;Internet;1233.38
535;21;Alimentação;Supermercado;582.54
536;29;Moradia;Energia;1221.59
537;31;Lazer;Show;620.45
538;15;Transporte;Combustível;1354.87
539;12;Outros;Outros;790.8
540;2;Saúde;Academia;975.45
541;20;Educação;Livros;506.85
542;27;Moradia;Energia;370.26
543;8;Educação;Material;521.94
544;36;Transporte;Pedágio;1455.07
545;31;Educação;Cursos;1398.95
546;21;Moradia;Água;109.44
547;31;Saúde;Academia;447.99
548;25;Outros;Outros;1126.95
549;22;Educação;Cursos;760.25
550;6;Moradia;Aluguel;650.61
551;28;Lazer;Cinema;1488.89
552;30;Educação;Cursos;1205.11
553;3;Educação;Cursos;820.79
554;8;Educação;Cursos;186.07
555;15;Lazer;Show;630.8
556;17;Moradia;Aluguel;817.99
557;35;Moradia;Internet;324.48
558;9;Educação;Cursos;1033.73
559;28;Transporte;Ônibus;615.13
560;35;Lazer;Streaming;1427.81
561;6;Moradia;Aluguel;889.28
562;20;Transporte;Pedágio;1281.19
563;12;Educação;Cursos;960.61
564;19;Lazer;Viagem;551.13
565;25;Alimentação;Delivery;201.78
566;1;Moradia;Energia;551.09
567;12;Educação;Material;764.92
568;26;Transporte;Combustível;1237.15
569;32;Lazer;Streaming;155.54
570;30;Moradia;Aluguel;252.56
571;10;Alimentação;Delivery;1455.69
572;24;Educação;Livros;1100.88
573;5;Outros;Outros;161.96
574;30;Outros;Taxas;433.97
575;21;Lazer;Cinema;1069.52
576;21;Alimentação;Supermercado;392.03
577;5;Moradia;Internet;730.59
578;32;Transporte;Ônibus;861.69
579;29;Moradia;Aluguel;1493.66
580;20;Saúde;Consulta;546.45
581;3;Saúde;Consulta;803.37
582;8;Alimentação;Delivery;1395.31
583;19;Lazer;Streaming;231.6
584;6;Moradia;Internet;225.71
585;10;Alimentação;Restaurante;1004.68
586;6;Transporte;Combustível;711.85
587;2;Alimentação;Delivery;260.34
588;17;Transporte;Pedágio;162.51
589;22;Alimentação;Delivery;1334.42
590;26;Educação;Cursos;518.86
591;19;Lazer;Cinema;626.03
592;2;Educação;Material;1497.42
593;15;Moradia;Internet;277.95
594;20;Educação;Material;1240.91
595;3;Saúde;Consulta;726.71
596;19;Transporte;Combustível;1251.73
597;33;Alimentação;Supermercado;450.03
598;1;Educação;Livros;93.05
599;36;Alimentação;Café;801.23
600;13;Educação;Material;1499.33
601;26;Lazer;Viagem;1305.06
602;7;Moradia;Energia;1236.96
603;4;Moradia;Aluguel;396.28
604;28;Alimentação;Café;204.52
605;16;Saúde;Consulta;1364.57
606;5;Saúde;Consulta;1228.22
607;36;Saúde;Farmácia;1176.24
608;15;Transporte;Combustível;1328.17
609;34;Moradia;Internet;52.69
610;5;Lazer;Show;1301.99
611;30;Educação;Cursos;1032.08
612;9;Lazer;Streaming;1016.35
613;33;Lazer;Show;944.28
614;3;Alimentação;Restaurante;501.36
615;17;Educação;Livros;882.32
616;2;Educação;Cursos;1158.99
617;30;Alimentação;Restaurante;1452.58
618;31;Transporte;Pedágio;945.53
619;7;Transporte;Manutenção;191.77
620;33;Moradia;Água;426.25
621;13;Lazer;Show;386.84
622;35;Educação;Material;1394.58
623;36;Transporte;Manutenção;1196.99
624;33;Moradia;Internet;139.0
625;15;Moradia;Aluguel;963.67
626;7;Saúde;Consulta;1237.13
627;29;Educação;Livros;1151.17
628;33;Lazer;Show;1066.67
629;7;Transporte;Manutenção;1313.14
630;12;Saúde;Consulta;1479.43
631;15;Educação;Material;423.69
632;5;Educação;Livros;1450.63
633;4;Transporte;Combustível;1049.28
634;20;Outros;Outros;442.47
635;26;Educação;Material;87.02
636;7;Alimentação;Restaurante;883.55
637;25;Outros;Taxas;1158.96
638;31;Lazer;Show;1204.36
639;24;Saúde;Consulta;184.74
640;16;Alimentação;Restaurante;387.75
641;32;Outros;Outros;464.6
642;27;Saúde;Consulta;1453.82
643;33;Moradia;Água;483.85
644;2;Saúde;Academia;601.35
645;2;Moradia;Energia;1332.65
646;21;Transporte;Manutenção;551.43
647;19;Alimentação;Café;52.96
648;34;Transporte;Pedágio;898.36
649;3;Saúde;Farmácia;287.28
650;31;Educação;Cursos;1112.3
651;24;Outros;Outros;127.29
652;24;Educação;Livros;793.93
653;7;Moradia;Água;360.4
654;14;Lazer;Viagem;1339.35
655;5;Lazer;Cinema;1227.54
656;20;Educação;Livros;1107.02
657;21;Outros;Outros;369.65
658;28;Alimentação;Restaurante;660.47
659;3;Outros;Taxas;1028.16
660;4;Educação;Material;851.83
661;14;Saúde;Consulta;1100.3
662;15;Alimentação;Delivery;753.82
663;35;Transporte;Ônibus;1249.05
664;5;Saúde;Consulta;75.94
665;12;Alimentação;Supermercado;135.98
666;7;Transporte;Ônibus;937.52
667;10;Transporte;Pedágio;597.53
668;31;Moradia;Internet;571.17
669;12;Outros;Taxas;1216.21
670;16;Moradia;Água;363.41
671;27;Saúde;Academia;649.68
672;10;Outros;Outros;1162.59
673;32;Educação;Cursos;92.73
674;2;Alimentação;Delivery;117.99
675;25;Transporte;Pedágio;719.07
676;29;Educação;Material;1385.91
677;18;Alimentação;Restaurante;328.93
678;13;Transporte;Ônibus;252.26
679;32;Outros;Taxas;880.46
680;17;Educação;Cursos;1352.37
681;25;Saúde;Academia;74.96
682;28;Educação;Material;364.09
683;4;Alimentação;Café;1394.53
684;25;Transporte;Manutenção;1224.42
685;25;Transporte;Manutenção;1026.62
686;35;Saúde;Consulta;320.45
687;23;Moradia;Aluguel;1311.04
688;1;Lazer;Cinema;1059.56
689;17;Moradia;Internet;336.68
690;10;Outros;Taxas;969.68
691;34;Transporte;Combustível;743.52
692;20;Transporte;Pedágio;1459.18
693;19;Outros;Presentes;654.27
694;35;Lazer;Viagem;482.7
695;28;Transporte;Pedágio;435.86
696;36;Lazer;Cinema;837.65
697;11;Saúde;Farmácia;1273.73
698;13;Lazer;Cinema;240.44
699;10;Moradia;Água;1036.1
700;23;Alimentação;Supermercado;233.45
701;9;Alimentação;Café;143.21
702;25;Moradia;Aluguel;811.22
703;5;Outros;Outros;782.18
704;5;Outros;Taxas;1227.83
705;23;Educação;Material;1017.77
706;14;Lazer;Viagem;1289.2
707;14;Transporte;Combustível;596.08
708;24;Educação;Material;540.65
709;27;Lazer;Streaming;438.95
710;12;Saúde;Academia;757.75
711;12;Educação;Livros;1207.58
712;11;Educação;Livros;1150.35
713;13;Outros;Presentes;327.12
714;28;Educação;Cursos;791.06
715;7;Educação;Livros;582.83
716;26;Outros;Outros;561.56
717;26;Saúde;Consulta;1306.5
718;16;Saúde;Consulta;844.68
719;22;Transporte;Pedágio;1074.92
720;23;Educação;Material;118.33
721;19;Lazer;Show;674.24
722;24;Educação;Material;1392.56
723;5;Lazer;Show;767.1
724;28;Lazer;Show;296.99
725;8;Saúde;Consulta;1073.88
726;24;Transporte;Pedágio;274.57
727;36;Educação;Material;1477.3
728;23;Lazer;Streaming;1052.0
729;17;Moradia;Água;1340.71
730;7;Alimentação;Restaurante;580.82
731;16;Moradia;Aluguel;1111.87
732;27;Moradia;Energia;1287.38
733;30;Alimentação;Restaurante;453.33
734;22;Outros;Outros;37.16
735;29;Transporte;Ônibus;891.0
736;21;Moradia;Água;543.31
737;15;Outros;Outros;656.62
738;20;Outros;Presentes;521.68
739;31;Outros;Taxas;1213.58
740;21;Saúde;Consulta;728.21
741;4;Outros;Presentes;1154.55
742;12;Outros;Outros;1417.43
743;18;Outros;Outros;474.6
744;13;Alimentação;Supermercado;896.99
745;27;Alimentação;Delivery;149.99
746;35;Moradia;Aluguel;465.07
747;15;Transporte;Combustível;1093.63
748;14;Transporte;Manutenção;427.05
749;21;Transporte;Combustível;110.59
750;34;Transporte;Ônibus;1001.57
751;14;Outros;Presentes;884.55
752;14;Saúde;Academia;1208.94
753;31;Lazer;Show;1083.76
754;7;Educação;Material;1479.01
755;11;Educação;Livros;636.82
756;20;Moradia;Internet;989.89
757;2;Moradia;Água;1498.83
758;32;Educação;Cursos;213.54
759;5;Transporte;Combustível;95.64
760;15;Transporte;Pedágio;1191.53
761;20;Educação;Cursos;1066.47
762;31;Lazer;Cinema;781.03
763;14;Saúde;Farmácia;1443.38
764;4;Moradia;Água;878.78
765;26;Alimentação;Supermercado;134.25
766;27;Moradia;Energia;1418.23
767;12;Saúde;Consulta;1208.26
768;23;Outros;Presentes;1343.95
769;15;Outros;Outros;883.12
770;4;Alimentação;Restaurante;1378.72
771;16;Outros;Presentes;1385.78
772;15;Moradia;Internet;1063.81
773;3;Saúde;Farmácia;841.0
774;22;Alimentação;Delivery;359.88
775;20;Lazer;Show;1407.95
776;13;Transporte;Pedágio;1485.66
777;16;Alimentação;Café;544.67
778;20;Alimentação;Restaurante;1308.57
779;4;Saúde;Farmácia;300.12
780;23;Lazer;Viagem;210.63
781;11;Saúde;Consulta;545.57
782;13;Educação;Cursos;355.96
783;12;Moradia;Energia;210.47
784;12;Outros;Outros;597.21
785;13;Educação;Material;775.94
786;13;Alimentação;Supermercado;123.97
787;13;Moradia;Internet;530.52
788;21;Outros;Outros;1254.85
789;8;Saúde;Farmácia;902.1
790;23;Educação;Livros;369.29
791;8;Alimentação;Restaurante;896.4
792;6;Outros;Presentes;412.48
793;24;Educação;Material;296.13
794;2;Lazer;Viagem;1119.61
795;4;Transporte;Combustível;89.84
796;2;Saúde;Academia;1110.34
797;28;Educação;Cursos;555.74
798;20;Educação;Material;329.18
799;35;Outros;Outros;661.4
800;22;Lazer;Show;308.44
801;6;Saúde;Farmácia;258.82
802;33;Lazer;Show;696.26
803;29;Lazer;Viagem;715.4
804;13;Saúde;Academia;1292.77
805;16;Saúde;Farmácia;749.97
806;26;Saúde;Academia;585.86
807;11;Educação;Material;122.12
808;36;Moradia;Aluguel;968.01
809;11;Educação;Material;888.02
810;27;Outros;Taxas;920.87
811;24;Alimentação;Restaurante;179.05
812;32;Educação;Cursos;1096.8
813;31;Moradia;Energia;238.27
814;10;Saúde;Farmácia;565.93
815;28;Moradia;Água;1153.18
816;21;Moradia;Internet;875.9
817;29;Moradia;Energia;835.44
818;10;Outros;Taxas;1465.75
819;29;Saúde;Academia;1184.13
820;33;Outros;Outros;1273.93
821;7;Lazer;Viagem;233.89
822;18;Transporte;Manutenção;1126.33
823;29;Moradia;Água;101.35
824;8;Educação;Material;421.45
825;10;Saúde;Consulta;1409.82
826;24;Saúde;Farmácia;585.77
827;19;Outros;Presentes;1078.18
828;33;Transporte;Pedágio;494.1
829;30;Moradia;Aluguel;1290.62
830;8;Educação;Material;327.58
831;24;Alimentação;Café;386.91
832;8;Outros;Taxas;1086.26
833;25;Educação;Cursos;719.67
834;25;Alimentação;Restaurante;996.23
835;34;Moradia;Internet;332.52
836;27;Alimentação;Supermercado;1059.84
837;9;Saúde;Academia;972.99
838;13;Outros;Outros;1258.36
839;23;Moradia;Água;689.15
840;31;Transporte;Pedágio;413.51
841;21;Educação;Material;405.73
842;7;Lazer;Cinema;327.83
843;31;Saúde;Consulta;605.34
844;27;Outros;Outros;1354.28
845;34;Lazer;Streaming;1380.54
846;2;Lazer;Show;214.13
847;31;Moradia;Energia;1054.59
848;22;Saúde;Academia;359.42
849;18;Moradia;Água;714.3
850;27;Educação;Material;159.28
851;33;Alimentação;Supermercado;570.09
852;8;Transporte;Pedágio;1078.41
853;29;Alimentação;Supermercado;1053.52
854;36;Transporte;Manutenção;137.07
855;27;Educação;Cursos;262.4
856;16;Educação;Material;141.56
857;4;Moradia;Internet;700.7
858;26;Alimentação;Café;1218.26
859;7;Moradia;Água;253.29
860;31;Transporte;Ônibus;737.35
861;36;Saúde;Consulta;1221.56
862;6;Moradia;Aluguel;1309.38
863;17;Moradia;Aluguel;700.05
864;29;Outros;Taxas;287.66
865;15;Saúde;Consulta;91.03
866;30;Transporte;Combustível;1460.37
867;5;Transporte;Pedágio;1193.04
868;25;Transporte;Manutenção;338.73
869;7;Educação;Livros;65.92
870;5;Educação;Material;149.58
871;3;Educação;Cursos;1357.15
872;4;Outros;Taxas;1084.51
873;24;Moradia;Internet;1340.6
874;25;Transporte;Pedágio;91.68
875;20;Lazer;Viagem;176.04
876;27;Moradia;Energia;1466.61
877;4;Saúde;Farmácia;856.18
878;33;Lazer;Cinema;105.12
879;6;Outros;Outros;752.87
880;5;Transporte;Combustível;571.97
881;28;Outros;Taxas;1194.63
882;15;Educação;Cursos;1039.68
883;13;Alimentação;Supermercado;294.71
884;6;Moradia;Aluguel;875.16
885;21;Moradia;Aluguel;1434.79
886;28;Saúde;Academia;910.99
887;33;Lazer;Show;152.11
888;5;Lazer;Show;1055.48
889;9;Alimentação;Supermercado;1194.75
890;13;Educação;Material;126.63
891;14;Moradia;Internet;1391.88
892;11;Saúde;Academia;287.24
893;16;Outros;Taxas;597.94
894;17;Moradia;Água;171.96
895;29;Alimentação;Café;78.63
896;7;Lazer;Cinema;562.24
897;7;Lazer;Viagem;1473.32
898;32;Alimentação;Supermercado;1205.74
899;4;Educação;Material;518.78
900;34;Saúde;Academia;644.97
901;22;Lazer;Cinema;540.08
902;16;Moradia;Internet;709.89
903;14;Transporte;Manutenção;350.8
904;22;Saúde;Consulta;321.61
905;7;Alimentação;Delivery;819.02
906;32;Saúde;Consulta;69.08
907;12;Lazer;Show;1238.06
908;27;Outros;Outros;536.83
909;35;Lazer;Viagem;436.8
910;31;Educação;Material;526.89
911;8;Lazer;Viagem;1366.01
912;31;Transporte;Combustível;1396.22
913;33;Saúde;Academia;937.5
914;8;Outros;Taxas;858.02
915;34;Outros;Presentes;736.32
916;4;Moradia;Água;885.48
917;26;Lazer;Viagem;458.79
918;11;Moradia;Água;1247.27
919;29;Outros;Outros;414.46
920;11;Outros;Outros;32.53
921;34;Saúde;Farmácia;396.74
922;9;Transporte;Pedágio;1076.27
923;4;Outros;Presentes;1248.13
924;33;Alimentação;Supermercado;1401.31
925;18;Moradia;Internet;131.56
926;28;Educação;Livros;145.12
927;33;Transporte;Manutenção;739.12
928;6;Saúde;Academia;1473.23
929;11;Lazer;Show;144.53
930;10;Saúde;Consulta;1345.06
931;16;Lazer;Streaming;895.32
932;30;Transporte;Combustível;194.0
933;15;Outros;Presentes;270.12
934;13;Educação;Material;446.38
935;10;Outros;Taxas;1279.42
936;28;Saúde;Academia;867.96
937;15;Moradia;Internet;310.88
938;17;Alimentação;Restaurante;356.97
939;28;Outros;Taxas;1275.67
940;1;Alimentação;Café;1051.61
941;34;Transporte;Ônibus;474.17
942;35;Saúde;Farmácia;249.84
943;31;Alimentação;Café;1162.32
944;27;Moradia;Energia;1124.28
945;34;Alimentação;Café;559.82
946;27;Educação;Livros;1141.81
947;16;Lazer;Show;685.27
948;17;Lazer;Streaming;152.29
949;24;Saúde;Academia;685.05
950;19;Educação;Cursos;724.59
951;6;Transporte;Ônibus;1279.8
952;18;Lazer;Cinema;1282.43
953;23;Alimentação;Restaurante;607.61
954;12;Saúde;Farmácia;1335.29
955;14;Outros;Presentes;1124.91
956;12;Educação;Material;825.25
957;18;Saúde;Academia;1001.12
958;35;Outros;Taxas;1108.67
959;3;Outros;Presentes;408.15
960;2;Moradia;Internet;1047.82
961;26;Outros;Taxas;66.4
962;29;Transporte;Ônibus;697.68
963;30;Saúde;Consulta;454.41
964;30;Moradia;Internet;1408.94
965;34;Transporte;Ônibus;21.65
966;2;Educação;Livros;27.03
967;2;Educação;Cursos;1394.09
968;35;Moradia;Internet;160.38
969;10;Lazer;Viagem;371.53
970;19;Saúde;Consulta;424.18
971;28;Moradia;Água;695.86
972;30;Transporte;Manutenção;40.73
973;18;Alimentação;Café;1349.02
974;15;Transporte;Ônibus;1100.98
975;20;Transporte;Combustível;1114.34
976;6;Educação;Material;55.55
977;14;Outros;Taxas;805.43
978;6;Transporte;Manutenção;787.46
979;5;Outros;Taxas;220.44
980;29;Saúde;Academia;265.66
981;27;Transporte;Pedágio;459.98
982;34;Moradia;Água;1481.33
983;33;Educação;Material;647.8
984;3;Educação;Cursos;156.99
985;9;Educação;Livros;1025.69
986;7;Outros;Presentes;411.97
987;22;Saúde;Consulta;915.41
988;34;Transporte;Ônibus;386.69
989;32;Lazer;Show;323.68
990;9;Saúde;Consulta;972.61
991;5;Outros;Presentes;468.13
992;5;Outros;Taxas;251.97
993;8;Outros;Outros;1096.54
994;11;Lazer;Cinema;570.59
995;11;Saúde;Farmácia;918.61
996;12;Transporte;Manutenção;777.0
997;18;Saúde;Consulta;530.78
998;9;Outros;Presentes;526.1
999;7;Saúde;Consulta;221.21
1000;16;Outros;Taxas;327.67
1001;3;Transporte;Pedágio;758.78
1002;8;Educação;Material;780.03
1003;34;Transporte;Combustível;1097.23
1004;1;Educação;Material;87.25
1005;16;Saúde;Farmácia;599.26
1006;16;Outros;Taxas;427.63
1007;25;Educação;Livros;682.08
1008;27;Outros;Presentes;257.5
1009;28;Saúde;Academia;1449.73
1010;14;Moradia;Energia;841.64
1011;11;Lazer;Show;50.54
1012;19;Outros;Presentes;36.36
1013;4;Saúde;Academia;1098.73
1014;6;Educação;Cursos;895.84
1015;1;Saúde;Consulta;945.59
1016;24;Educação;Material;273.24
1017;14;Transporte;Manutenção;221.08
1018;8;Educação;Material;1478.1
1019;16;Outros;Presentes;1153.96
1020;3;Educação;Material;325.04
1021;3;Lazer;Show;1467.29
1022;35;Transporte;Pedágio;378.13
1023;24;Educação;Material;317.39
1024;11;Transporte;Pedágio;970.24
1025;1;Educação;Material;788.82
1026;9;Moradia;Água;274.36
1027;6;Moradia;Aluguel;827.75
1028;15;Alimentação;Delivery;1462.06
1029;24;Lazer;Show;883.54
1030;8;Moradia;Energia;1082.88
1031;21;Transporte;Manutenção;239.09
1032;19;Transporte;Pedágio;241.26
1033;27;Alimentação;Café;1081.52
1034;24;Alimentação;Delivery;1144.31
1035;15;Transporte;Manutenção;332.29
1036;26;Outros;Presentes;1018.88
1037;11;Moradia;Aluguel;779.46
1038;22;Alimentação;Café;356.21
1039;27;Lazer;Viagem;552.04
1040;35;Educação;Cursos;886.2
1041;5;Alimentação;Café;91.3
1042;6;Moradia;Internet;1101.34
1043;31;Outros;Presentes;697.4
1044;7;Outros;Presentes;1270.48
1045;6;Alimentação;Supermercado;701.52
1046;12;Moradia;Internet;1336.72
1047;22;Outros;Outros;32.2
1048;20;Outros;Taxas;84.77
1049;5;Lazer;Show;1260.35
1050;18;Saúde;Academia;1260.1
1051;35;Saúde;Consulta;233.43
1052;17;Educação;Cursos;1000.46
1053;28;Lazer;Streaming;944.35
1054;11;Moradia;Água;704.87
1055;17;Transporte;Pedágio;188.52
1056;12;Educação;Material;946.33
1057;35;Alimentação;Café;1360.67
1058;24;Alimentação;Delivery;186.48
1059;22;Transporte;Pedágio;1003.91
1060;1;Saúde;Consulta;22.65
1061;15;Alimentação;Supermercado;1033.41
1062;2;Transporte;Combustível;519.13
1063;8;Moradia;Água;1150.66
1064;11;Saúde;Academia;603.69
1065;17;Outros;Taxas;1082.02
1066;25;Educação;Material;1027.55
1067;14;Educação;Livros;1254.79
1068;2;Saúde;Consulta;26.69
1069;28;Outros;Presentes;53.82
1070;32;Outros;Outros;527.63
1071;22;Alimentação;Restaurante;512.45
1072;6;Outros;Presentes;1125.72
1073;21;Educação;Material;531.42
1074;21;Transporte;Manutenção;560.71
1075;2;Outros;Outros;918.93
1076;31;Outros;Outros;813.57
1077;4;Moradia;Energia;575.91
1078;2;Saúde;Academia;1192.49
1079;15;Educação;Cursos;699.44
1080;35;Lazer;Viagem;907.05
1081;8;Saúde;Academia;534.0
1082;5;Transporte;Manutenção;1398.1
1083;34;Transporte;Pedágio;210.08
1084;25;Outros;Taxas;1202.44
1085;20;Moradia;Internet;40.88
1086;7;Educação;Livros;416.78
1087;31;Alimentação;Delivery;1267.39
1088;36;Alimentação;Café;1269.71
1089;4;Lazer;Cinema;1178.72
1090;10;Transporte;Combustível;479.06
1091;8;Transporte;Combustível;53.8
1092;7;Educação;Cursos;487.79
1093;28;Saúde;Consulta;580.51
1094;8;Alimentação;Café;722.18
1095;35;Lazer;Viagem;416.88
1096;5;Saúde;Consulta;867.12
1097;20;Saúde;Consulta;444.33
1098;1;Educação;Material;99.84
1099;17;Saúde;Consulta;1335.97
1100;19;Lazer;Cinema;593.88
1101;27;Outros;Presentes;982.61
1102;15;Saúde;Consulta;285.66
1103;15;Moradia;Energia;1037.44
1104;21;Outros;Outros;447.87
1105;30;Lazer;Streaming;755.03
1106;14;Educação;Material;947.47
1107;31;Transporte;Ônibus;554.53
1108;16;Transporte;Ônibus;1472.87
1109;8;Saúde;Consulta;945.91
1110;15;Outros;Presentes;436.06
1111;10;Transporte;Manutenção;1337.14
1112;26;Saúde;Academia;1221.84
1113;26;Transporte;Combustível;896.35
1114;20;Transporte;Manutenção;185.2
1115;33;Alimentação;Supermercado;649.97
1116;35;Saúde;Consulta;222.73
1117;2;Alimentação;Restaurante;295.11
1118;10;Transporte;Manutenção;481.84
1119;28;Alimentação;Delivery;398.97
1120;22;Lazer;Viagem;963.3
1121;6;Moradia;Água;218.89
1122;30;Transporte;Manutenção;956.2
1123;16;Saúde;Academia;395.84
1124;36;Saúde;Farmácia;399.34
1125;15;Lazer;Viagem;1431.82
1126;36;Outros;Outros;617.04
1127;10;Saúde;Farmácia;808.48
1128;35;Lazer;Cinema;350.66
1129;32;Educação;Cursos;605.61
1130;33;Educação;Cursos;197.39
1131;30;Educação;Cursos;29.39
1132;18;Alimentação;Restaurante;1287.15
1133;30;Saúde;Consulta;1071.56
1134;23;Moradia;Energia;1432.27
1135;28;Outros;Outros;498.23
1136;21;Outros;Taxas;1044.66
1137;2;Saúde;Consulta;1275.57
1138;35;Moradia;Água;321.5
1139;2;Alimentação;Delivery;1280.33
1140;27;Moradia;Aluguel;315.66
1141;8;Educação;Material;1170.2
1142;11;Saúde;Academia;1470.59
1143;35;Saúde;Consulta;173.62
1144;19;Moradia;Água;787.34
1145;10;Saúde;Consulta;458.21
1146;35;Lazer;Show;770.13
1147;28;Transporte;Ônibus;1291.93
1148;3;Outros;Outros;1041.55
1149;36;Moradia;Água;813.6
1150;9;Outros;Presentes;1427.61
1151;6;Lazer;Streaming;27.02
1152;26;Moradia;Energia;1121.56
1153;6;Alimentação;Restaurante;226.26
1154;22;Transporte;Pedágio;547.11
1155;17;Lazer;Show;713.55
1156;12;Outros;Outros;809.48
1157;4;Moradia;Internet;949.32
1158;23;Saúde;Consulta;503.23
1159;23;Saúde;Academia;181.79
1160;20;Educação;Material;876.41
1161;25;Saúde;Consulta;373.26
1162;3;Lazer;Show;415.51
1163;17;Outros;Taxas;531.11
1164;26;Saúde;Farmácia;1085.51
1165;35;Outros;Taxas;1390.63
1166;11;Educação;Material;400.89
1167;23;Saúde;Farmácia;304.27
1168;33;Educação;Livros;1177.65
1169;8;Moradia;Água;859.01
1170;6;Saúde;Farmácia;1006.01
1171;24;Alimentação;Café;1430.06
1172;17;Educação;Cursos;876.6
1173;35;Alimentação;Delivery;222.1
1174;9;Moradia;Água;217.57
1175;4;Lazer;Cinema;198.47
1176;32;Transporte;Ônibus;505.81
1177;7;Outros;Taxas;1361.89
1178;5;Alimentação;Delivery;237.61
1179;35;Educação;Livros;1286.76
1180;21;Educação;Cursos;801.07
1181;23;Transporte;Manutenção;1347.95
1182;26;Lazer;Show;699.07
1183;29;Transporte;Ônibus;1279.39
1184;12;Educação;Cursos;1350.64
1185;8;Outros;Presentes;577.6
1186;4;Outros;Presentes;610.8
1187;14;Lazer;Streaming;938.35
1188;21;Alimentação;Delivery;1390.45
1189;30;Lazer;Viagem;1128.83
1190;13;Lazer;Cinema;214.36
1191;27;Outros;Outros;154.28
1192;25;Lazer;Viagem;632.75
1193;2;Educação;Cursos;1080.9
1194;27;Educação;Livros;1162.07
1195;24;Transporte;Ônibus;872.28
1196;12;Saúde;Academia;745.55
1197;10;Lazer;Viagem;1470.79
1198;31;Transporte;Combustível;165.26
1199;36;Alimentação;Supermercado;1022.54
1200;13;Moradia;Internet;783.53
1201;35;Educação;Livros;459.86
1202;13;Saúde;Academia;510.77
1203;20;Educação;Material;1352.03
1204;30;Saúde;Consulta;131.15
1205;14;Transporte;Manutenção;158.04
1206;26;Transporte;Combustível;1297.22
1207;8;Outros;Presentes;920.75
1208;33;Alimentação;Restaurante;937.37
1209;23;Alimentação;Supermercado;803.62
1210;22;Lazer;Streaming;1413.93
1211;26;Educação;Livros;1338.63
1212;15;Moradia;Internet;980.11
1213;9;Outros;Taxas;1440.26
1214;16;Lazer;Viagem;31.86
1215;22;Transporte;Combustível;392.98
1216;7;Moradia;Internet;803.1
1217;18;Saúde;Consulta;91.36
1218;16;Lazer;Show;499.99
1219;22;Lazer;Viagem;1088.88
1220;22;Moradia;Água;50.39
1221;3;Lazer;Viagem;236.17
1222;6;Outros;Taxas;1393.05
1223;26;Saúde;Academia;687.07
1224;22;Alimentação;Delivery;1014.17
1225;10;Transporte;Pedágio;529.18
1226;14;Transporte;Pedágio;929.05
1227;18;Transporte;Combustível;830.1
1228;7;Transporte;Manutenção;463.57
1229;20;Outros;Presentes;106.93
1230;13;Saúde;Consulta;1270.85
1231;28;Saúde;Academia;879.56
1232;17;Lazer;Viagem;90.3
1233;30;Educação;Livros;384.8
1234;22;Outros;Taxas;303.22
1235;2;Lazer;Show;1248.31
1236;4;Moradia;Energia;1062.94
1237;10;Moradia;Aluguel;194.59
1238;11;Lazer;Cinema;1135.14
1239;13;Educação;Cursos;746.4
1240;26;Moradia;Água;929.32
1241;20;Educação;Cursos;1408.55
1242;13;Moradia;Aluguel;952.73
1243;34;Outros;Taxas;813.09
1244;25;Educação;Material;681.91
1245;14;Alimentação;Café;1268.87
1246;20;Outros;Taxas;1171.29
1247;7;Saúde;Consulta;1098.88
1248;8;Moradia;Aluguel;870.4
1249;26;Lazer;Cinema;949.39
1250;15;Alimentação;Café;468.3
1251;1;Transporte;Manutenção;754.9
1252;29;Saúde;Academia;257.95
1253;35;Outros;Presentes;709.18
1254;27;Outros;Outros;708.04
1255;23;Lazer;Viagem;297.07
1256;15;Outros;Presentes;246.4
1257;17;Saúde;Farmácia;664.08
1258;9;Alimentação;Supermercado;1021.35
1259;5;Educação;Cursos;1315.31
1260;11;Lazer;Cinema;566.64
1261;21;Outros;Presentes;568.01
1262;29;Educação;Livros;728.07
1263;6;Alimentação;Supermercado;338.21
1264;15;Transporte;Ônibus;1093.97
1265;12;Saúde;Farmácia;791.4
1266;12;Transporte;Combustível;870.25
1267;4;Lazer;Streaming;291.65
1268;11;Transporte;Ônibus;449.48
1269;14;Transporte;Combustível;664.03
1270;19;Saúde;Farmácia;1429.91
1271;15;Educação;Cursos;225.23
1272;4;Alimentação;Supermercado;420.97
1273;36;Moradia;Água;176.28
1274;6;Outros;Outros;760.46
1275;23;Moradia;Energia;224.04
1276;13;Moradia;Internet;304.55
1277;15;Moradia;Energia;1353.07
1278;3;Moradia;Aluguel;350.25
1279;29;Alimentação;Café;1340.18
1280;34;Educação;Livros;1124.62
1281;15;Moradia;Energia;713.35
1282;9;Moradia;Aluguel;398.98
1283;20;Transporte;Pedágio;25.67
1284;35;Outros;Outros;1120.23
1285;13;Transporte;Pedágio;1131.48
1286;18;Transporte;Pedágio;735.23
1287;19;Moradia;Energia;134.05
1288;35;Saúde;Consulta;1015.93
1289;7;Educação;Material;171.28
1290;4;Transporte;Combustível;84.19
1291;14;Lazer;Viagem;158.71
1292;1;Transporte;Pedágio;599.35
1293;28;Lazer;Viagem;217.42
1294;19;Alimentação;Café;109.46
1295;1;Saúde;Academia;1121.3
1296;25;Saúde;Consulta;1360.49
1297;17;Moradia;Internet;137.33
1298;11;Educação;Cursos;1040.22
1299;36;Alimentação;Café;921.84
1300;30;Outros;Presentes;1204.54
1301;31;Alimentação;Café;751.94
1302;6;Outros;Outros;1476.11
1303;29;Lazer;Cinema;413.2
1304;14;Moradia;Aluguel;199.02
1305;36;Moradia;Água;1265.41
1306;22;Saúde;Consulta;775.69
1307;24;Saúde;Academia;1380.17
1308;15;Moradia;Energia;1314.79
1309;28;Outros;Presentes;564.9
1310;26;Moradia;Aluguel;831.45
1311;26;Alimentação;Supermercado;1497.81
1312;30;Transporte;Ônibus;1222.38
1313;17;Moradia;Água;607.18
1314;16;Alimentação;Café;133.31
1315;33;Saúde;Consulta;766.06
1316;34;Moradia;Internet;713.08
1317;15;Transporte;Manutenção;300.09
1318;11;Outros;Outros;983.98
1319;8;Outros;Outros;45.59
1320;11;Alimentação;Restaurante;585.04
1321;13;Outros;Presentes;1099.07
1322;29;Alimentação;Delivery;681.74
1323;33;Educação;Material;425.19
1324;7;Transporte;Pedágio;126.2
1325;9;Saúde;Farmácia;1212.58
1326;8;Moradia;Internet;1086.59
1327;20;Moradia;Água;1003.53
1328;32;Educação;Material;89.69
1329;17;Outros;Outros;274.21
1330;34;Outros;Outros;1058.1
1331;19;Outros;Presentes;1031.19
1332;32;Moradia;Internet;123.87
1333;9;Alimentação;Café;354.68
1334;33;Saúde;Consulta;162.27
1335;35;Outros;Outros;1489.89
1336;28;Outros;Outros;1259.13
1337;14;Outros;Presentes;294.75
1338;7;Moradia;Energia;1220.96
1339;24;Lazer;Cinema;1122.88
1340;10;Transporte;Manutenção;417.94
1341;36;Outros;Outros;149.37
1342;14;Educação;Material;492.56
1343;5;Alimentação;Restaurante;1408.83
1344;26;Moradia;Aluguel;488.78
1345;6;Saúde;Academia;907.32
1346;4;Saúde;Academia;614.89
1347;34;Outros;Taxas;206.9
1348;5;Saúde;Farmácia;1104.96
1349;21;Alimentação;Delivery;311.28
1350;2;Educação;Cursos;421.69
1351;29;Outros;Presentes;397.32
1352;5;Educação;Livros;636.37
1353;35;Educação;Livros;843.24
1354;8;Educação;Livros;277.05
1355;16;Transporte;Manutenção;805.64
1356;15;Alimentação;Supermercado;620.78
1357;2;Alimentação;Delivery;663.36
1358;32;Alimentação;Delivery;584.97
1359;14;Saúde;Consulta;1387.62
1360;36;Transporte;Combustível;67.31
1361;10;Transporte;Combustível;1287.93
1362;14;Moradia;Internet;77.27
1363;29;Outros;Presentes;753.45
1364;32;Moradia;Aluguel;632.93
1365;8;Outros;Presentes;252.21
1366;7;Transporte;Ônibus;709.17
1367;12;Transporte;Manutenção;255.29
1368;18;Outros;Presentes;578.34
1369;10;Outros;Presentes;273.98
1370;15;Outros;Outros;495.39
1371;16;Educação;Material;333.52
1372;21;Lazer;Show;1002.1
1373;29;Outros;Taxas;218.63
1374;20;Outros;Taxas;442.35
1375;8;Lazer;Cinema;1499.42
1376;2;Saúde;Consulta;197.75
1377;33;Transporte;Manutenção;1465.05
1378;10;Transporte;Pedágio;553.02
1379;16;Educação;Material;276.27
1380;24;Saúde;Consulta;1398.31
1381;16;Alimentação;Restaurante;499.38
1382;16;Lazer;Cinema;1000.05
1383;30;Alimentação;Café;992.3
1384;14;Lazer;Viagem;1000.32
1385;12;Saúde;Farmácia;822.24
1386;4;Saúde;Farmácia;60.39
1387;1;Transporte;Ônibus;1294.48
1388;33;Transporte;Ônibus;30.45
1389;30;Lazer;Cinema;1324.79
1390;21;Transporte;Ônibus;1292.62
1391;36;Moradia;Aluguel;338.74
1392;18;Transporte;Pedágio;365.39
1393;8;Educação;Livros;363.37
1394;22;Outros;Taxas;992.88
1395;12;Transporte;Manutenção;682.47
1396;23;Saúde;Academia;198.34
1397;10;Outros;Taxas;1215.23
1398;32;Lazer;Show;1141.3
1399;8;Educação;Cursos;1077.84
1400;32;Alimentação;Café;1217.04
1401;24;Alimentação;Café;128.55
1402;22;Moradia;Água;572.37
1403;8;Lazer;Cinema;1469.05
1404;19;Moradia;Água;677.78
1405;7;Alimentação;Delivery;48.76
1406;2;Outros;Taxas;68.51
1407;3;Moradia;Aluguel;229.93
1408;25;Saúde;Consulta;149.9
1409;15;Outros;Taxas;309.52
1410;36;Transporte;Combustível;1406.51
1411;18;Outros;Taxas;943.26
1412;11;Outros;Presentes;833.92
1413;9;Outros;Presentes;1150.97
1414;19;Moradia;Internet;1485.4
1415;33;Lazer;Show;233.03
1416;7;Lazer;Cinema;651.28
1417;9;Alimentação;Café;1497.55
1418;33;Alimentação;Restaurante;380.03
1419;16;Saúde;Consulta;1489.92
1420;31;Educação;Cursos;378.15
1421;29;Alimentação;Supermercado;141.2
1422;2;Outros;Presentes;1111.44
1423;25;Transporte;Manutenção;602.74
1424;17;Transporte;Manutenção;1282.61
1425;29;Lazer;Viagem;514.6
1426;5;Outros;Taxas;1344.8
1427;12;Lazer;Streaming;250.22
1428;31;Educação;Material;1284.9
1429;31;Alimentação;Supermercado;81.64
1430;11;Lazer;Streaming;519.45
1431;15;Saúde;Farmácia;1397.24
1432;23;Saúde;Academia;756.81
1433;24;Educação;Livros;863.99
1434;1;Saúde;Consulta;167.66
1435;34;Alimentação;Delivery;107.93
1436;15;Moradia;Internet;1232.27
1437;6;Saúde;Farmácia;305.31
1438;32;Saúde;Farmácia;570.25
1439;11;Lazer;Viagem;646.85
1440;11;Moradia;Internet;88.37
1441;31;Outros;Presentes;854.54
1442;18;Moradia;Energia;328.9
1443;1;Outros;Presentes;102.42
1444;12;Transporte;Manutenção;1295.64
1445;5;Transporte;Pedágio;53.12
1446;17;Alimentação;Delivery;1478.57
1447;1;Outros;Presentes;1281.5
1448;32;Moradia;Internet;544.96
1449;23;Outros;Taxas;713.13
1450;8;Outros;Presentes;889.11
1451;20;Alimentação;Restaurante;255.28
1452;1;Transporte;Pedágio;470.82
1453;18;Alimentação;Delivery;219.2
1454;24;Alimentação;Café;371.76
1455;32;Transporte;Combustível;279.74
1456;7;Transporte;Ônibus;1278.84
1457;7;Outros;Outros;919.01
1458;12;Transporte;Ônibus;367.22
1459;17;Alimentação;Café;1054.32
1460;19;Transporte;Ônibus;55.92
1461;33;Saúde;Academia;339.34
1462;15;Moradia;Internet;1017.89
1463;22;Saúde;Academia;254.01
1464;29;Moradia;Aluguel;842.13
1465;17;Moradia;Aluguel;513.42
1466;26;Lazer;Show;381.9
1467;12;Saúde;Academia;1365.46
1468;20;Educação;Material;773.59
1469;30;Outros;Taxas;1400.67
1470;16;Educação;Cursos;1422.21
1471;34;Moradia;Internet;1369.87
1472;31;Moradia;Energia;1206.31
1473;8;Alimentação;Restaurante;204.0
1474;20;Transporte;Combustível;889.6
1475;21;Moradia;Água;681.42
1476;15;Educação;Livros;171.13
1477;16;Outros;Outros;42.77
1478;2;Saúde;Consulta;1231.82
1479;30;Alimentação;Delivery;597.36
1480;26;Moradia;Água;834.17
1481;5;Saúde;Consulta;80.52
1482;1;Transporte;Pedágio;727.16
1483;16;Lazer;Streaming;1031.91
1484;35;Transporte;Combustível;1033.51
1485;34;Alimentação;Supermercado;642.67
1486;12;Educação;Material;1178.44
1487;2;Educação;Material;1063.6
1488;11;Transporte;Combustível;340.68
1489;19;Saúde;Academia;866.78
1490;29;Educação;Material;1149.15
1491;3;Outros;Presentes;669.14
1492;8;Moradia;Energia;789.87
1493;3;Lazer;Show;1190.82
1494;3;Saúde;Consulta;650.34
1495;2;Educação;Livros;997.45
1496;23;Saúde;Farmácia;106.45
1497;18;Educação;Livros;443.29
1498;28;Alimentação;Café;1424.7
1499;4;Saúde;Farmácia;1208.68
1500;25;Lazer;Streaming;377.12
1501;11;Alimentação;Restaurante;795.16
1502;25;Moradia;Energia;1483.57
1503;1;Lazer;Cinema;232.98
1504;31;Educação;Livros;983.09
1505;14;Alimentação;Restaurante;382.8
1506;22;Transporte;Ônibus;1454.84
1507;32;Alimentação;Delivery;1311.9
1508;14;Outros;Outros;56.51
1509;23;Alimentação;Delivery;1232.25
1510;11;Educação;Cursos;1271.28
1511;12;Outros;Presentes;508.08
1512;16;Transporte;Combustível;829.81
1513;15;Moradia;Aluguel;798.65
1514;21;Outros;Outros;765.79
1515;26;Alimentação;Supermercado;910.88
1516;20;Saúde;Academia;173.14
1517;20;Alimentação;Restaurante;905.85
1518;30;Educação;Cursos;44.98
1519;2;Saúde;Consulta;1136.97
1520;27;Saúde;Consulta;29.07
1521;16;Moradia;Aluguel;1445.25
1522;35;Moradia;Internet;1038.54
1523;30;Moradia;Água;329.44
1524;1;Lazer;Streaming;698.71
1525;23;Lazer;Streaming;94.4
1526;23;Educação;Livros;931.55
1527;10;Transporte;Pedágio;513.1
1528;8;Educação;Cursos;918.75
1529;2;Educação;Livros;1340.63
1530;7;Alimentação;Restaurante;839.35
1531;24;Moradia;Energia;763.87
1532;26;Saúde;Academia;883.93
1533;12;Transporte;Pedágio;248.31
1534;2;Alimentação;Delivery;704.46
1535;5;Alimentação;Delivery;677.53
1536;19;Lazer;Viagem;88.67
1537;36;Saúde;Academia;236.42
1538;31;Alimentação;Café;914.8
1539;29;Transporte;Ônibus;1124.07
1540;27;Moradia;Aluguel;1424.07
1541;29;Educação;Material;1360.43
1542;4;Educação;Livros;426.98
1543;18;Educação;Material;1451.74
1544;33;Outros;Outros;742.75
1545;28;Lazer;Cinema;886.06
1546;31;Lazer;Viagem;353.86
1547;34;Transporte;Combustível;305.65
1548;34;Lazer;Show;419.56
1549;30;Moradia;Água;780.09
1550;10;Outros;Outros;1063.01
1551;17;Moradia;Água;231.16
1552;1;Outros;Presentes;712.8
1553;25;Educação;Livros;368.43
1554;13;Saúde;Academia;733.91
1555;34;Lazer;Cinema;735.56
1556;16;Outros;Presentes;200.99
1557;26;Saúde;Academia;431.18
1558;15;Educação;Material;547.0
1559;1;Alimentação;Delivery;531.86
1560;15;Saúde;Farmácia;62.0
1561;14;Transporte;Manutenção;269.57
1562;7;Saúde;Consulta;281.12
1563;20;Saúde;Academia;571.93
1564;16;Educação;Livros;1400.55
1565;34;Moradia;Aluguel;1072.76
1566;33;Moradia;Energia;171.31
1567;19;Alimentação;Restaurante;824.96
1568;2;Saúde;Farmácia;1407.26
1569;21;Educação;Cursos;1298.62
1570;20;Moradia;Aluguel;751.71
1571;33;Educação;Livros;1154.95
1572;26;Outros;Outros;833.17
1573;4;Alimentação;Delivery;807.15
1574;14;Alimentação;Restaurante;1049.66
1575;7;Transporte;Manutenção;1104.22
1576;19;Educação;Livros;669.45
1577;23;Alimentação;Delivery;774.65
1578;10;Educação;Cursos;880.41
1579;22;Transporte;Manutenção;1470.08
1580;35;Outros;Presentes;520.25
1581;25;Saúde;Consulta;913.51
1582;2;Outros;Taxas;1426.51
1583;5;Lazer;Viagem;419.44
1584;17;Educação;Material;794.5
1585;18;Educação;Cursos;488.29
1586;9;Outros;Taxas;1284.15
1587;12;Moradia;Energia;1002.56
1588;30;Saúde;Consulta;769.69
1589;10;Transporte;Combustível;521.9
1590;13;Alimentação;Delivery;298.06
1591;32;Alimentação;Supermercado;1449.39
1592;25;Moradia;Água;680.7
1593;24;Transporte;Manutenção;599.4
1594;13;Educação;Cursos;508.43
1595;29;Moradia;Internet;1253.56
1596;30;Moradia;Aluguel;81.9
1597;11;Lazer;Show;1274.26
1598;3;Saúde;Consulta;768.69
1599;31;Saúde;Consulta;146.44
1600;30;Alimentação;Café;142.01
1601;5;Lazer;Viagem;395.47
1602;23;Transporte;Ônibus;1224.84
1603;32;Saúde;Consulta;1407.96
1604;5;Moradia;Água;419.12
1605;25;Moradia;Água;145.54
1606;27;Moradia;Água;120.9
1607;11;Moradia;Internet;1339.29
1608;19;Alimentação;Delivery;72.12
1609;7;Saúde;Farmácia;784.95
1610;16;Alimentação;Supermercado;1374.36
1611;14;Saúde;Academia;132.57
1612;34;Moradia;Água;1242.27
1613;10;Alimentação;Café;279.08
1614;32;Moradia;Energia;933.29
1615;10;Lazer;Cinema;713.74
1616;8;Transporte;Ônibus;530.74
1617;29;Outros;Presentes;1471.29
1618;7;Lazer;Viagem;1052.18
1619;26;Lazer;Viagem;953.74
1620;2;Educação;Material;907.49
1621;30;Educação;Livros;1278.22
1622;34;Moradia;Energia;325.97
1623;5;Educação;Livros;1036.86
1624;5;Educação;Cursos;872.67
1625;27;Educação;Material;422.91
1626;6;Lazer;Cinema;504.32
1627;8;Alimentação;Supermercado;594.37
1628;21;Lazer;Show;901.27
1629;18;Moradia;Água;778.54
1630;18;Saúde;Consulta;750.56
1631;8;Alimentação;Restaurante;78.71
1632;23;Outros;Outros;682.31
1633;15;Alimentação;Restaurante;393.32
1634;14;Outros;Presentes;1277.31
1635;3;Transporte;Combustível;527.09
1636;25;Moradia;Internet;320.87
1637;9;Alimentação;Café;396.06
1638;19;Transporte;Manutenção;278.16
1639;12;Transporte;Pedágio;145.09
1640;14;Alimentação;Café;1307.21
1641;18;Moradia;Energia;1322.64
1642;34;Moradia;Internet;252.81
1643;16;Saúde;Academia;897.93
1644;17;Lazer;Cinema;31.47
1645;36;Educação;Material;771.19
1646;3;Transporte;Combustível;1455.63
1647;36;Lazer;Streaming;153.67
1648;19;Educação;Cursos;1287.14
1649;22;Outros;Taxas;307.95
1650;8;Alimentação;Supermercado;507.36
1651;19;Outros;Taxas;1192.03
1652;13;Outros;Taxas;623.09
1653;23;Moradia;Internet;1042.35
1654;13;Saúde;Consulta;1359.16
1655;2;Saúde;Farmácia;723.71
1656;7;Alimentação;Supermercado;1309.07
1657;29;Outros;Presentes;419.65
1658;21;Educação;Cursos;1058.13
1659;30;Outros;Taxas;1078.55
1660;6;Moradia;Aluguel;111.2
1661;22;Moradia;Internet;1036.73
1662;19;Lazer;Cinema;215.39
1663;23;Educação;Cursos;466.79
1664;15;Educação;Livros;496.21
1665;3;Moradia;Internet;1119.63
1666;12;Moradia;Aluguel;683.02
1667;19;Alimentação;Delivery;848.77
1668;26;Lazer;Streaming;259.9
1669;31;Alimentação;Supermercado;961.45
1670;33;Moradia;Energia;1217.8
1671;27;Educação;Livros;361.83
1672;33;Lazer;Viagem;770.49
1673;15;Lazer;Streaming;1324.17
1674;21;Lazer;Show;1155.9
1675;23;Outros;Presentes;256.7
1676;30;Lazer;Cinema;524.64
1677;19;Transporte;Manutenção;581.0
1678;1;Alimentação;Restaurante;1349.87
1679;8;Educação;Cursos;1167.25
1680;25;Educação;Material;287.24
1681;21;Transporte;Manutenção;1057.25
1682;8;Lazer;Cinema;1427.15
1683;24;Educação;Livros;406.83
1684;31;Lazer;Streaming;320.23
1685;30;Educação;Livros;287.56
1686;17;Educação;Livros;1049.22
1687;13;Saúde;Consulta;1234.98
1688;4;Lazer;Cinema;135.22
1689;2;Transporte;Combustível;1033.3
1690;8;Lazer;Show;516.63
1691;3;Educação;Cursos;56.47
1692;5;Lazer;Viagem;903.92
1693;31;Transporte;Manutenção;89.93
1694;31;Moradia;Água;92.78
1695;20;Moradia;Internet;877.21
1696;29;Moradia;Energia;1302.41
1697;16;Alimentação;Restaurante;1048.42
1698;21;Saúde;Consulta;698.91
1699;24;Saúde;Farmácia;269.76
1700;26;Alimentação;Café;1246.07
1701;19;Transporte;Manutenção;954.53
1702;17;Transporte;Pedágio;637.25
1703;24;Lazer;Cinema;1325.04
1704;18;Moradia;Internet;452.46
1705;3;Moradia;Internet;1350.55
1706;35;Saúde;Consulta;346.39
1707;1;Lazer;Cinema;1423.73
1708;19;Alimentação;Café;649.1
1709;6;Outros;Taxas;799.13
1710;9;Transporte;Manutenção;1467.58
1711;10;Lazer;Viagem;399.1
1712;29;Saúde;Consulta;805.6
1713;22;Educação;Material;210.59
1714;36;Moradia;Internet;669.79
1715;18;Educação;Material;784.26
1716;24;Alimentação;Restaurante;496.4
1717;15;Transporte;Pedágio;401.96
1718;15;Outros;Taxas;672.66
1719;21;Outros;Taxas;453.39
1720;31;Educação;Livros;666.91
1721;31;Educação;Cursos;150.71
1722;1;Transporte;Ônibus;980.99
1723;21;Alimentação;Supermercado;805.36
1724;35;Transporte;Ônibus;754.54
1725;27;Moradia;Água;414.63
1726;30;Moradia;Internet;557.97
1727;10;Outros;Outros;1461.72
1728;12;Alimentação;Café;821.27
1729;1;Saúde;Consulta;912.36
1730;18;Transporte;Manutenção;1026.19
1731;21;Alimentação;Delivery;998.44
1732;24;Saúde;Consulta;454.14
1733;5;Saúde;Farmácia;84.9
1734;5;Educação;Material;696.8
1735;5;Educação;Livros;365.66
1736;33;Transporte;Pedágio;971.1
1737;28;Lazer;Viagem;586.49
1738;18;Saúde;Academia;23.99
1739;20;Saúde;Academia;34.14
1740;7;Lazer;Streaming;585.69
1741;3;Saúde;Consulta;977.15
1742;29;Lazer;Cinema;905.94
1743;17;Moradia;Água;1012.24
1744;3;Lazer;Viagem;801.86
1745;15;Outros;Taxas;100.04
1746;3;Moradia;Energia;706.26
1747;3;Alimentação;Supermercado;217.9
1748;30;Educação;Livros;227.93
1749;2;Transporte;Manutenção;601.59
1750;7;Transporte;Combustível;812.52
1751;19;Lazer;Viagem;933.73
1752;9;Outros;Taxas;193.59
1753;33;Saúde;Consulta;521.93
1754;9;Educação;Material;1457.12
1755;4;Lazer;Viagem;866.55
1756;19;Saúde;Farmácia;72.23
1757;30;Educação;Cursos;219.38
1758;35;Moradia;Internet;1037.39
1759;11;Saúde;Consulta;968.02
1760;18;Transporte;Manutenção;1028.22
1761;35;Saúde;Academia;1363.46
1762;29;Alimentação;Supermercado;922.21
1763;17;Educação;Livros;747.42
1764;26;Transporte;Manutenção;362.95
1765;32;Lazer;Viagem;315.88
1766;10;Moradia;Energia;195.49
1767;13;Lazer;Cinema;1411.69
1768;13;Outros;Taxas;224.98
1769;30;Transporte;Manutenção;143.14
1770;33;Alimentação;Supermercado;1372.08
1771;29;Educação;Livros;273.65
1772;25;Alimentação;Restaurante;1209.41
1773;21;Moradia;Água;880.56
1774;2;Moradia;Água;835.86
1775;2;Educação;Material;420.63
1776;6;Moradia;Aluguel;1306.04
1777;14;Lazer;Show;606.8
1778;18;Lazer;Cinema;1479.33
1779;28;Outros;Taxas;1340.73
1780;6;Lazer;Streaming;1108.22
1781;17;Lazer;Cinema;806.62
1782;34;Saúde;Academia;1478.63
1783;27;Saúde;Academia;249.66
1784;7;Moradia;Água;635.62
1785;3;Educação;Livros;1307.81
1786;24;Transporte;Manutenção;1367.94
1787;3;Moradia;Aluguel;341.98
1788;23;Moradia;Aluguel;685.16
1789;1;Outros;Taxas;54.34
1790;7;Educação;Cursos;309.56
1791;12;Lazer;Cinema;642.98
1792;8;Saúde;Academia;436.21
1793;15;Moradia;Aluguel;208.94
1794;17;Alimentação;Café;286.95
1795;12;Alimentação;Supermercado;989.9
1796;30;Transporte;Pedágio;538.72
1797;30;Alimentação;Restaurante;264.6
1798;1;Lazer;Show;176.45
1799;28;Alimentação;Restaurante;1330.87
1800;34;Transporte;Manutenção;1282.37
1801;10;Alimentação;Supermercado;237.69
1802;4;Outros;Taxas;99.67
1803;30;Lazer;Streaming;757.93
1804;20;Lazer;Cinema;978.66
1805;17;Lazer;Viagem;306.34
1806;24;Outros;Presentes;277.25
1807;27;Educação;Livros;487.53
1808;30;Moradia;Água;1265.97
1809;18;Moradia;Aluguel;677.49
1810;20;Moradia;Energia;812.39
1811;2;Outros;Presentes;1170.83
1812;5;Transporte;Manutenção;903.95
1813;6;Outros;Taxas;1133.0
1814;30;Outros;Outros;604.19
1815;1;Educação;Material;1456.27
1816;17;Transporte;Ônibus;281.26
1817;33;Transporte;Ônibus;1284.83
1818;8;Outros;Taxas;537.5
1819;26;Saúde;Academia;547.84
1820;4;Saúde;Farmácia;871.59
1821;8;Moradia;Internet;1296.38
1822;10;Alimentação;Delivery;855.43
1823;24;Moradia;Internet;319.29
1824;30;Transporte;Combustível;973.4
1825;22;Educação;Livros;1494.88
1826;27;Lazer;Viagem;1126.33
1827;13;Outros;Taxas;328.45
1828;22;Moradia;Energia;1226.73
1829;28;Lazer;Streaming;507.1
1830;22;Outros;Outros;1176.39
1831;1;Outros;Outros;691.64
1832;31;Educação;Cursos;445.67
1833;3;Educação;Material;696.55
1834;20;Transporte;Pedágio;1325.99
1835;32;Alimentação;Supermercado;1317.5
1836;28;Outros;Presentes;1070.31
1837;26;Outros;Outros;943.75
1838;8;Transporte;Manutenção;1218.3
1839;36;Transporte;Ônibus;1164.18
1840;32;Lazer;Streaming;124.95
1841;23;Outros;Presentes;1265.23
1842;13;Outros;Presentes;140.18
1843;9;Educação;Material;866.5
1844;22;Transporte;Pedágio;350.25
1845;4;Alimentação;Delivery;1132.63
1846;35;Saúde;Academia;37.07
1847;23;Outros;Presentes;963.33
1848;30;Educação;Livros;873.84
1849;31;Transporte;Manutenção;976.35
1850;20;Moradia;Internet;575.64
1851;1;Saúde;Farmácia;1236.21
1852;28;Alimentação;Delivery;313.14
1853;35;Transporte;Ônibus;295.8
1854;34;Outros;Presentes;544.71
1855;21;Educação;Livros;1177.17
1856;16;Alimentação;Delivery;1488.13
1857;26;Outros;Outros;1146.44
1858;8;Educação;Cursos;1153.55
1859;16;Outros;Outros;466.77
1860;16;Alimentação;Restaurante;889.89
1861;26;Saúde;Consulta;885.15
1862;17;Moradia;Internet;619.96
1863;32;Moradia;Aluguel;1450.2
1864;36;Moradia;Aluguel;635.99
1865;13;Alimentação;Café;1478.32
1866;33;Saúde;Consulta;87.68
1867;2;Saúde;Farmácia;1382.01
1868;9;Educação;Material;560.62
1869;2;Transporte;Pedágio;111.29
1870;25;Saúde;Academia;287.12
1871;13;Alimentação;Café;1043.79
1872;16;Moradia;Internet;635.81
1873;36;Educação;Livros;1313.25
1874;13;Alimentação;Supermercado;1183.2
1875;5;Moradia;Aluguel;852.52
1876;10;Moradia;Aluguel;531.2
1877;5;Alimentação;Restaurante;1284.04
1878;12;Transporte;Combustível;301.58
1879;5;Outros;Presentes;1103.36
1880;24;Educação;Material;569.74
1881;34;Educação;Material;628.11
1882;18;Transporte;Combustível;339.85
1883;25;Educação;Cursos;1360.54
1884;7;Moradia;Energia;1154.7
1885;6;Saúde;Consulta;25.88
1886;26;Educação;Material;923.32
1887;12;Alimentação;Café;910.31
1888;24;Alimentação;Delivery;1041.37
1889;1;Outros;Presentes;1002.78
1890;10;Moradia;Água;397.25
1891;34;Saúde;Academia;898.7
1892;27;Saúde;Consulta;638.68
1893;30;Alimentação;Delivery;689.15
1894;31;Alimentação;Supermercado;1252.82
1895;2;Lazer;Show;238.58
1896;26;Lazer;Viagem;1124.32
1897;32;Transporte;Combustível;844.05
1898;12;Outros;Outros;1126.87
1899;9;Transporte;Pedágio;1445.98
1900;33;Educação;Livros;328.84
1901;29;Educação;Material;1293.8
1902;32;Lazer;Show;661.84
1903;7;Outros;Outros;314.77
1904;13;Educação;Material;143.5
1905;18;Moradia;Água;527.51
1906;21;Saúde;Academia;876.26
1907;11;Moradia;Água;328.29
1908;12;Alimentação;Supermercado;784.2
1909;19;Outros;Outros;676.57
1910;3;Outros;Presentes;160.59
1911;19;Educação;Cursos;309.67
1912;1;Lazer;Viagem;526.3
1913;35;Educação;Livros;508.86
1914;13;Moradia;Água;574.92
1915;7;Lazer;Streaming;798.74
1916;9;Educação;Cursos;924.58
1917;24;Lazer;Viagem;126.38
1918;17;Lazer;Show;793.03
1919;24;Outros;Outros;601.74
1920;34;Educação;Livros;942.09
1921;7;Lazer;Cinema;1463.36
1922;2;Transporte;Pedágio;1149.57
1923;2;Saúde;Farmácia;828.32
1924;11;Educação;Material;764.85
1925;3;Transporte;Ônibus;547.83
1926;9;Lazer;Cinema;439.02
1927;1;Alimentação;Café;1467.7
1928;6;Alimentação;Supermercado;545.23
1929;15;Outros;Presentes;1106.47
1930;1;Saúde;Academia;816.96
1931;21;Educação;Livros;1082.77
1932;10;Lazer;Viagem;1232.93
1933;33;Educação;Material;750.31
1934;27;Lazer;Cinema;265.31
1935;4;Educação;Material;35.93
1936;4;Moradia;Internet;913.53
1937;5;Educação;Livros;525.62
1938;25;Alimentação;Supermercado;1322.63
1939;3;Alimentação;Delivery;627.37
1940;12;Lazer;Streaming;423.47
1941;15;Outros;Outros;376.43
1942;27;Outros;Outros;1395.53
1943;13;Alimentação;Restaurante;466.24
1944;8;Educação;Cursos;291.37
1945;26;Saúde;Farmácia;842.41
1946;24;Transporte;Manutenção;888.13
1947;30;Outros;Outros;1147.22
1948;9;Transporte;Pedágio;1447.74
1949;23;Moradia;Aluguel;939.06
1950;9;Transporte;Combustível;1284.52
1951;17;Educação;Material;42.07
1952;5;Transporte;Combustível;1102.63
1953;26;Educação;Cursos;1350.46
1954;26;Saúde;Consulta;1084.89
1955;34;Alimentação;Restaurante;1256.04
1956;29;Transporte;Ônibus;341.57
1957;16;Moradia;Internet;214.8
1958;14;Alimentação;Delivery;177.69
1959;24;Educação;Livros;599.74
1960;14;Moradia;Energia;1315.55
1961;1;Alimentação;Delivery;583.56
1962;16;Lazer;Viagem;884.35
1963;22;Saúde;Farmácia;852.69
1964;13;Outros;Taxas;1297.02
1965;11;Outros;Taxas;1226.64
1966;23;Educação;Material;110.99
1967;31;Outros;Taxas;1002.14
1968;20;Moradia;Internet;1295.13
1969;20;Lazer;Streaming;393.55
1970;29;Lazer;Streaming;205.75
1971;30;Lazer;Streaming;452.56
1972;33;Lazer;Viagem;1478.62
1973;9;Moradia;Energia;547.61
1974;22;Outros;Presentes;732.06
1975;6;Saúde;Academia;944.04
1976;17;Lazer;Show;453.16
1977;14;Educação;Livros;273.94
1978;26;Moradia;Água;558.62
1979;22;Lazer;Streaming;746.69
1980;17;Outros;Taxas;1161.86
1981;22;Outros;Presentes;951.93
1982;22;Alimentação;Café;57.36
1983;26;Outros;Outros;1142.89
1984;21;Lazer;Viagem;983.93
1985;11;Transporte;Ônibus;433.5
1986;16;Educação;Cursos;338.04
1987;1;Moradia;Energia;900.58
1988;5;Educação;Material;1422.78
1989;34;Alimentação;Supermercado;391.59
1990;19;Moradia;Energia;587.84
1991;21;Transporte;Combustível;913.26
1992;17;Outros;Taxas;382.11
1993;24;Alimentação;Delivery;933.23
1994;35;Moradia;Aluguel;1291.71
1995;27;Lazer;Cinema;1472.36
1996;32;Educação;Livros;582.87
1997;11;Transporte;Pedágio;1375.47
1998;13;Outros;Taxas;788.87
1999;17;Outros;Outros;32.39
2000;11;Outros;Outros;1333.13
