id_receita;id_periodo;descricao_item;valor
1;8;Freelance;2915.25
2;6;Freelance;8076.47
3;9;Venda;606.47
4;9;Reembolso;1440.64
5;4;Investimento;9058.48
6;24;Venda;6494.32
7;8;Reembolso;2472.43
8;5;Venda;7539.13
9;12;Freelance;2254.65
10;6;Venda;5503.48
11;22;Venda;9117.32
12;21;Venda;721.87
13;27;Salário;8031.48
14;18;Investimento;4743.56
15;34;Venda;2824.17
16;1;Salário;6074.1
17;33;Freelance;1986.14
18;28;Freelance;5974.2
19;17;Freelance;8007.06
20;35;Reembolso;8195.01
21;12;Salário;2095.95
22;35;Venda;9447.25
23;25;Reembolso;1660.99
24;19;Salário;3775.03
25;26;Salário;7447.63
26;7;Investimento;9600.23
27;32;Salário;7131.29
28;28;Reembolso;2386.12
29;25;Salário;8733.29
30;16;Salário;6229.95
31;16;Freelance;5759.06
32;9;Salário;5591.95
33;20;Freelance;6500.46
34;17;Reembolso;6285.87
35;19;Reembolso;5450.73
36;10;Venda;6525.29
37;24;Investimento;9879.55
38;24;Salário;8224.91
39;4;Freelance;5686.4
40;30;Salário;904.2
41;36;Reembolso;3668.67
42;31;Freelance;8247.4
43;31;Venda;1184.12
44;16;Salário;6731.69
45;9;Investimento;986.92
46;22;Investimento;587.89
47;10;Investimento;3749.18
48;10;Investimento;5183.07
49;6;Venda;3804.64
50;18;Freelance;1199.68
51;12;Salário;5794.72
52;29;Salário;7939.86
53;1;Salário;9614.83
54;26;Freelance;7304.51
55;8;Salário;5576.12
56;6;Reembolso;4881.64
57;5;Reembolso;7700.05
58;10;Investimento;8139.51
59;23;Salário;5856.25
60;9;Freelance;1084.32
61;27;Venda;8416.09
62;21;Reembolso;8169.53
63;35;Salário;8856.61
64;27;Venda;3866.36
65;32;Venda;435.25
66;19;Freelance;2910.52
67;25;Venda;7849.44
68;2;Freelance;7185.66
69;19;Freelance;2151.55
70;12;Reembolso;433.84
71;19;Salário;7179.98
72;11;Investimento;7183.98
73;35;Salário;7814.85
74;26;Reembolso;2970.84
75;33;Venda;8795.29
76;22;Reembolso;9173.72
77;10;Freelance;4497.04
78;29;Freelance;3272.89
79;26;Reembolso;1477.65
80;25;Salário;3341.73
81;2;Investimento;6340.54
82;10;Investimento;5700.7
83;21;Salário;9176.82
84;12;Reembolso;3126.87
85;19;Freelance;838.21
86;36;Reembolso;673.67
87;28;Reembolso;5088.14
88;33;Salário;8584.16
89;16;Freelance;3821.42
90;36;Salário;4838.74
91;26;Freelance;2286.77
92;18;Freelance;7496.81
93;20;Investimento;1014.13
94;7;Investimento;2578.84
95;10;Salário;6457.1
96;13;Investimento;2225.85
97;13;Salário;2861.28
98;5;Venda;2052.47
99;13;Freelance;5482.95
100;2;Venda;6611.38
101;17;Venda;6366.83
102;3;Venda;6399.99
103;31;Venda;7817.41
104;27;Venda;1474.66
105;22;Salário;4841.21
106;9;Investimento;2131.17
107;26;Freelance;4437.87
108;28;Venda;7228.76
109;35;Investimento;5756.28
110;36;Freelance;8247.11
111;32;Investimento;6356.93
112;32;Freelance;8314.11
113;18;Venda;1493.38
114;23;Reembolso;6892.83
115;12;Venda;2205.03
116;14;Reembolso;4194.52
117;5;Investimento;4078.76
118;18;Investimento;3271.76
119;24;Freelance;2091.22
120;3;Investimento;5663.46
121;18;Investimento;1926.0
122;18;Salário;8327.86
123;27;Reembolso;1913.91
124;23;Salário;4417.93
125;29;Salário;6648.26
126;7;Salário;583.3
127;26;Reembolso;1424.57
128;34;Venda;7540.0
129;9;Freelance;3420.08
130;5;Investimento;8756.19
131;28;Venda;693.86
132;19;Freelance;4521.48
133;22;Salário;6165.12
134;31;Freelance;3087.64
135;19;Venda;4547.23
136;8;Salário;5575.07
137;4;Salário;543.97
138;2;Venda;1970.87
139;6;Venda;6885.23
140;24;Freelance;993.88
141;4;Freelance;5561.57
142;34;Freelance;3840.7
143;8;Salário;806.93
144;18;Reembolso;8778.57
145;32;Reembolso;9903.16
146;6;Salário;4109.41
147;5;Reembolso;9180.17
148;17;Venda;6198.45
149;7;Reembolso;1194.32
150;12;Salário;2049.82
151;34;Freelance;4396.78
152;17;Investimento;7126.17
153;19;Freelance;4513.95
154;30;Freelance;7881.38
155;35;Investimento;9084.91
156;30;Investimento;8041.92
157;10;Freelance;5559.74
158;18;Salário;211.87
159;16;Investimento;8310.11
160;7;Investimento;5577.08
161;29;Reembolso;3093.77
162;14;Venda;459.1
163;12;Investimento;3100.47
164;30;Investimento;7869.27
165;9;Freelance;8829.73
166;26;Investimento;4607.12
167;6;Freelance;5341.74
168;17;Salário;2454.7
169;25;Investimento;4349.86
170;4;Investimento;3307.18
171;4;Reembolso;3027.95
172;28;Salário;5794.37
173;17;Salário;209.1
174;6;Salário;7175.6
175;34;Reembolso;5319.14
176;15;Reembolso;5785.8
177;25;Investimento;222.46
178;9;Investimento;6556.63
179;29;Venda;9354.27
180;12;Venda;5977.82
181;21;Reembolso;4723.18
182;1;Reembolso;7191.88
183;28;Investimento;5093.77
184;27;Reembolso;2995.63
185;14;Freelance;3755.42
186;11;Investimento;294.21
187;35;Investimento;6681.51
188;12;Freelance;2109.01
189;3;Investimento;2235.56
190;20;Salário;1932.91
191;36;Freelance;8272.25
192;11;Investimento;3839.48
193;17;Reembolso;1319.65
194;25;Freelance;8790.37
195;24;Venda;9711.65
196;28;Reembolso;2405.59
197;11;Salário;5459.88
198;2;Salário;8802.47
199;36;Salário;4041.74
200;13;Salário;9236.62
201;22;Freelance;1996.68
202;36;Venda;3145.93
203;22;Salário;8029.3
204;27;Venda;8891.64
205;32;Freelance;9004.16
206;7;Investimento;484.83
207;18;Investimento;1295.86
208;24;Reembolso;1823.87
209;23;Reembolso;5130.56
210;4;Salário;4068.8
211;12;Venda;5129.7
212;6;Venda;4096.35
213;16;Venda;3455.11
214;16;Freelance;969.9
215;15;Reembolso;6727.66
216;7;Venda;5999.15
217;8;Venda;1527.64
218;20;Freelance;1451.76
219;34;Freelance;3892.26
220;2;Investimento;7184.4
221;9;Investimento;7727.65
222;24;Venda;2057.23
223;29;Salário;469.59
224;5;Investimento;1168.11
225;22;Reembolso;1138.53
226;15;Salário;7180.58
227;27;Freelance;1338.94
228;10;Salário;8449.58
229;16;Salário;6477.55
230;16;Salário;6485.61
231;13;Salário;4444.81
232;21;Investimento;8024.65
233;28;Freelance;1730.51
234;8;Reembolso;3929.48
235;22;Reembolso;203.47
236;5;Venda;9934.88
237;19;Venda;5509.45
238;3;Salário;2987.59
239;12;Salário;3967.11
240;10;Investimento;1004.48
241;11;Reembolso;1147.9
242;22;Investimento;6546.66
243;18;Salário;8763.94
244;20;Salário;6438.22
245;36;Reembolso;5784.01
246;20;Investimento;9412.63
247;29;Salário;1437.17
248;2;Freelance;696.2
249;14;Reembolso;533.84
250;17;Investimento;4883.01
251;34;Salário;7780.21
252;17;Venda;5964.55
253;16;Reembolso;1342.39
254;16;Venda;1824.38
255;17;Venda;7696.65
256;19;Investimento;9080.41
257;7;Investimento;2819.0
258;29;Freelance;4879.37
259;24;Freelance;9478.57
260;29;Venda;9644.58
261;15;Reembolso;964.49
262;14;Salário;4824.05
263;24;Investimento;6591.22
264;3;Salário;1529.96
265;23;Reembolso;5486.08
266;24;Reembolso;214.08
267;7;Reembolso;7684.95
268;12;Venda;9748.6
269;8;Reembolso;9563.96
270;6;Freelance;3395.25
271;26;Freelance;4011.4
272;15;Reembolso;4640.08
273;35;Freelance;2360.1
274;28;Venda;1312.08
275;18;Salário;3591.09
276;9;Salário;6281.61
277;14;Salário;2647.01
278;10;Freelance;884.13
279;8;Salário;3420.16
280;3;Reembolso;9061.42
281;32;Reembolso;8036.27
282;11;Freelance;2407.11
283;32;Freelance;391.79
284;5;Venda;7066.91
285;33;Salário;7218.94
286;27;Investimento;9729.58
287;6;Salário;2107.76
288;5;Reembolso;1885.43
289;3;Venda;3507.36
290;28;Salário;8053.25
291;28;Salário;4163.37
292;3;Investimento;2550.77
293;17;Freelance;7663.17
294;13;Venda;9754.32
295;35;Reembolso;2170.93
296;1;Venda;9075.57
297;14;Investimento;4905.6
298;30;Salário;4108.33
299;22;Salário;4080.83
300;35;Investimento;4558.26
301;34;Freelance;4363.53
302;27;Salário;7986.12
303;15;Salário;2110.27
304;2;Freelance;936.29
305;18;Investimento;6381.25
306;2;Freelance;8491.95
307;24;Venda;2886.33
308;19;Freelance;5236.8
309;12;Investimento;8606.57
310;31;Salário;8818.13
311;2;Freelance;1655.13
312;9;Freelance;3975.71
313;9;Freelance;6024.0
314;1;Freelance;6456.81
315;23;Investimento;6415.76
316;32;Venda;3277.74
317;14;Freelance;707.49
318;32;Reembolso;4624.56
319;16;Freelance;3247.44
320;32;Freelance;6604.39
321;18;Investimento;3215.11
322;14;Venda;2111.38
323;10;Investimento;3420.76
324;5;Freelance;6992.0
325;30;Investimento;7245.23
326;35;Salário;6478.89
327;32;Reembolso;9451.37
328;8;Venda;8980.87
329;7;Investimento;9557.37
330;24;Salário;8676.22
331;30;Investimento;9162.9
332;3;Investimento;3611.31
333;10;Reembolso;6083.11
334;14;Reembolso;8623.01
335;4;Salário;2975.68
336;18;Investimento;8597.6
337;14;Freelance;5576.71
338;13;Reembolso;5704.32
339;25;Salário;1785.99
340;5;Investimento;8820.96
341;11;Reembolso;7669.21
342;9;Venda;9941.75
343;29;Reembolso;9345.48
344;1;Reembolso;8330.72
345;2;Freelance;475.21
346;27;Venda;6529.86
347;5;Salário;1715.77
348;20;Venda;503.51
349;9;Investimento;2481.13
350;36;Venda;446.19
351;17;Venda;3712.75
352;8;Salário;2123.67
353;33;Freelance;9457.01
354;12;Reembolso;714.43
355;36;Venda;1363.43
356;21;Salário;4551.67
357;15;Salário;7329.54
358;3;Investimento;777.89
359;30;Salário;9969.15
360;15;Salário;4512.2
361;3;Investimento;2270.59
362;17;Investimento;1743.93
363;19;Salário;6716.24
364;7;Venda;5173.1
365;22;Salário;7128.1
366;12;Freelance;8041.63
367;7;Salário;9700.58
368;7;Venda;6846.35
369;18;Salário;8365.79
370;29;Freelance;7972.83
371;29;Investimento;6769.73
372;5;Freelance;8570.75
373;25;Salário;8195.25
374;31;Venda;1715.22
375;21;Investimento;527.15
376;21;Venda;9270.62
377;28;Venda;2131.13
378;4;Reembolso;8952.53
379;3;Salário;702.1
380;26;Freelance;7002.59
381;13;Reembolso;8396.12
382;9;Salário;9920.09
383;19;Investimento;6936.19
384;30;Freelance;8403.27
385;18;Salário;5659.98
386;31;Investimento;2793.84
387;14;Investimento;7082.4
388;21;Investimento;1882.25
389;32;Salário;3071.86
390;24;Freelance;6594.84
391;25;Salário;8163.61
392;2;Freelance;2956.11
393;17;Venda;6062.53
394;21;Salário;3135.0
395;15;Venda;3179.47
396;1;Venda;1444.45
397;14;Investimento;2364.62
398;18;Salário;2227.83
399;23;Freelance;2919.25
400;18;Freelance;5356.25
401;21;Investimento;9665.31
402;27;Freelance;7723.41
403;30;Venda;3015.88
404;34;Reembolso;2129.63
405;9;Investimento;1153.29
406;22;Freelance;5298.65
407;16;Venda;7734.1
408;32;Investimento;6464.49
409;27;Venda;4534.11
410;23;Reembolso;4494.54
411;17;Salário;4852.28
412;11;Reembolso;8285.59
413;6;Freelance;7956.52
414;24;Salário;9382.55
415;27;Freelance;4568.52
416;30;Freelance;8464.23
417;5;Venda;5693.91
418;28;Reembolso;5161.08
419;28;Venda;5530.0
420;19;Salário;3208.7
421;28;Salário;4372.21
422;14;Venda;8581.93
423;31;Salário;6126.56
424;29;Salário;6563.84
425;32;Freelance;8562.48
426;13;Reembolso;1904.64
427;1;Venda;8698.51
428;30;Investimento;1435.44
429;19;Investimento;9509.48
430;22;Investimento;2442.69
431;8;Freelance;204.43
432;31;Salário;3686.33
433;14;Salário;4823.98
434;31;Reembolso;6597.64
435;3;Venda;2345.81
436;4;Freelance;3801.81
437;4;Salário;6455.2
438;7;Venda;6131.84
439;36;Freelance;6180.45
440;7;Salário;4997.96
441;3;Reembolso;1407.88
442;17;Investimento;3409.24
443;30;Salário;1917.39
444;11;Investimento;5971.77
445;23;Venda;9643.07
446;31;Venda;6903.08
447;23;Freelance;1712.45
448;36;Freelance;4475.9
449;32;Salário;5096.75
450;14;Salário;4034.4
451;21;Investimento;9050.8
452;34;Freelance;5067.95
453;12;Investimento;9780.64
454;5;Freelance;224.25
455;34;Freelance;5468.5
456;20;Reembolso;7524.57
457;23;Venda;9107.79
458;27;Venda;5239.11
459;7;Venda;6217.8
460;31;Venda;9365.68
461;31;Venda;674.5
462;36;Investimento;4725.12
463;15;Investimento;5902.02
464;8;Salário;4176.13
465;22;Reembolso;1992.24
466;24;Salário;5140.82
467;5;Freelance;2465.74
468;35;Reembolso;6780.58
469;33;Salário;4780.7
470;12;Reembolso;2659.61
471;29;Venda;7730.9
472;5;Salário;5334.83
473;20;Salário;1146.8
474;22;Venda;3041.87
475;33;Investimento;9939.05
476;15;Venda;2319.77
477;17;Venda;2578.46
478;12;Venda;6298.16
479;27;Freelance;4284.12
480;34;Reembolso;5970.91
481;17;Venda;3170.37
482;35;Venda;2054.56
483;2;Venda;4020.38
484;30;Salário;7012.28
485;17;Reembolso;8377.51
486;1;Investimento;8958.57
487;15;Investimento;8950.04
488;5;Investimento;4219.42
489;27;Salário;4176.58
490;19;Venda;1725.13
491;7;Venda;753.66
492;35;Freelance;2117.63
493;24;Reembolso;3251.01
494;15;Freelance;5763.97
495;1;Reembolso;735.24
496;19;Investimento;9037.61
497;32;Venda;8090.28
498;25;Salário;5143.56
499;9;Venda;3909.58
500;3;Freelance;1199.67
501;18;Investimento;1978.87
502;1;Salário;9439.26
503;23;Investimento;9251.45
504;2;Reembolso;5446.5
505;1;Venda;7579.66
506;29;Freelance;7628.12
507;23;Venda;211.78
508;32;Reembolso;1101.01
509;35;Salário;2913.94
510;35;Salário;3954.76
511;26;Salário;2989.32
512;30;Salário;2562.16
513;22;Salário;1980.14
514;6;Salário;8444.61
515;3;Reembolso;2328.13
516;18;Reembolso;454.47
517;25;Venda;8864.31
518;9;Venda;9821.91
519;34;Salário;2948.76
520;29;Reembolso;4121.07
521;14;Venda;6328.3
522;25;Freelance;4673.52
523;26;Venda;523.36
524;7;Investimento;8300.15
525;29;Venda;5857.02
526;14;Reembolso;4818.45
527;34;Venda;9404.37
528;1;Reembolso;4536.76
529;19;Venda;1563.72
530;3;Venda;7334.26
531;6;Salário;1258.52
532;4;Reembolso;5607.61
533;32;Freelance;1092.32
534;22;Salário;1791.9
535;8;Salário;1516.1
536;11;Freelance;2521.92
537;11;Reembolso;8687.05
538;18;Investimento;8361.99
539;12;Reembolso;6778.39
540;8;Salário;7208.14
541;35;Venda;1855.71
542;6;Salário;7751.18
543;32;Venda;5352.72
544;25;Salário;8576.36
545;24;Freelance;1798.04
546;26;Reembolso;3852.69
547;30;Salário;7988.91
548;21;Investimento;8290.15
549;7;Investimento;8352.72
550;12;Venda;1721.71
551;15;Investimento;1639.79
552;24;Salário;7010.47
553;30;Venda;2780.48
554;11;Venda;3865.24
555;34;Salário;8405.06
556;5;Freelance;2826.68
557;13;Salário;8893.31
558;33;Investimento;2447.07
559;9;Freelance;1594.63
560;3;Freelance;9715.13
561;1;Salário;3504.6
562;4;Salário;8625.43
563;23;Salário;708.15
564;13;Reembolso;7226.87
565;33;Venda;7477.79
566;14;Salário;2802.33
567;2;Reembolso;8353.7
568;36;Reembolso;7916.74
569;19;Investimento;2597.88
570;32;Salário;224.47
571;23;Salário;9555.98
572;2;Freelance;3373.31
573;33;Freelance;5921.87
574;30;Reembolso;6270.65
575;29;Venda;2751.66
576;15;Reembolso;4723.08
577;27;Investimento;8891.34
578;25;Venda;5665.62
579;22;Reembolso;796.99
580;15;Venda;1597.14
581;14;Investimento;6225.64
582;32;Venda;9757.9
583;6;Salário;9588.45
584;35;Salário;6049.52
585;5;Investimento;8497.61
586;8;Venda;3504.06
587;5;Reembolso;6820.77
588;9;Salário;3240.3
589;18;Investimento;9214.5
590;21;Venda;8651.26
591;36;Reembolso;7821.39
592;14;Salário;3914.18
593;12;Salário;7247.67
594;36;Reembolso;7807.33
595;12;Investimento;6432.05
596;17;Venda;3630.81
597;13;Investimento;6320.13
598;25;Venda;1925.27
599;35;Investimento;7278.98
600;6;Venda;5767.74
601;2;Investimento;5200.02
602;27;Salário;5221.13
603;17;Reembolso;1674.85
604;35;Investimento;8807.33
605;33;Reembolso;1326.64
606;24;Salário;5214.25
607;15;Salário;1261.39
608;11;Venda;2342.65
609;20;Investimento;374.19
610;8;Investimento;1481.34
611;13;Freelance;4337.31
612;22;Investimento;5694.23
613;32;Reembolso;8610.18
614;10;Salário;9212.96
615;27;Freelance;1419.05
616;6;Reembolso;7937.3
617;9;Venda;7102.57
618;6;Salário;4910.1
619;36;Investimento;4106.86
620;31;Freelance;9687.16
621;12;Salário;6296.22
622;25;Investimento;3692.58
623;28;Reembolso;3596.07
624;3;Freelance;3984.11
625;15;Salário;4515.49
626;36;Salário;1579.32
627;19;Venda;990.21
628;1;Reembolso;5063.93
629;5;Salário;9978.27
630;36;Reembolso;9613.7
631;24;Investimento;2010.53
632;7;Freelance;6609.3
633;3;Salário;4534.09
634;28;Investimento;575.54
635;29;Salário;5848.72
636;3;Reembolso;7587.3
637;27;Reembolso;8545.83
638;34;Salário;8005.36
639;4;Reembolso;1659.45
640;27;Investimento;7007.97
641;14;Reembolso;4746.07
642;19;Reembolso;9538.97
643;31;Freelance;1423.42
644;14;Reembolso;2529.65
645;32;Venda;2620.15
646;15;Reembolso;685.12
647;22;Salário;7134.72
648;24;Investimento;3366.55
649;28;Freelance;9022.69
650;17;Salário;7189.14
651;17;Venda;6484.43
652;32;Freelance;8235.74
653;18;Investimento;6661.27
654;19;Salário;4085.3
655;1;Reembolso;1940.45
656;3;Venda;7263.0
657;4;Investimento;2296.83
658;27;Salário;7667.4
659;35;Investimento;9987.47
660;12;Salário;8036.57
661;31;Investimento;1866.96
662;12;Venda;9997.52
663;8;Reembolso;1607.97
664;20;Venda;9961.52
665;31;Reembolso;797.85
666;14;Salário;7384.92
667;21;Investimento;945.02
668;24;Investimento;1373.78
669;11;Venda;8802.49
670;5;Reembolso;4324.6
671;11;Freelance;4840.23
672;5;Venda;7882.94
673;26;Reembolso;2292.7
674;20;Freelance;4771.3
675;17;Salário;4521.1
676;29;Freelance;214.94
677;27;Venda;7374.78
678;5;Freelance;4991.31
679;13;Venda;5197.98
680;8;Venda;4174.33
681;4;Reembolso;9320.44
682;7;Venda;1437.63
683;2;Salário;459.55
684;31;Salário;7091.41
685;32;Venda;7736.64
686;9;Venda;9172.94
687;15;Freelance;9215.76
688;24;Freelance;9434.29
689;28;Investimento;5113.23
690;7;Investimento;2690.95
691;25;Investimento;3502.99
692;10;Freelance;3723.95
693;18;Venda;9823.41
694;27;Salário;2058.39
695;6;Freelance;6849.05
696;30;Salário;3262.22
697;14;Freelance;546.95
698;36;Investimento;9190.4
699;19;Reembolso;436.98
700;30;Investimento;5846.35
701;24;Venda;1848.74
702;23;Salário;5630.44
703;31;Salário;6396.32
704;5;Investimento;1911.02
705;31;Salário;5141.87
706;21;Investimento;4863.69
707;8;Freelance;5462.17
708;25;Reembolso;1560.81
709;2;Investimento;2170.58
710;26;Reembolso;9379.86
711;22;Investimento;3334.17
712;5;Venda;3028.18
713;33;Venda;4059.38
714;1;Reembolso;259.45
715;5;Investimento;8864.37
716;4;Salário;4232.47
717;35;Salário;6036.73
718;31;Reembolso;6434.91
719;13;Freelance;1744.68
720;30;Freelance;8128.55
721;12;Investimento;585.84
722;30;Freelance;6326.4
723;35;Reembolso;2586.79
724;36;Venda;5400.41
725;18;Salário;7489.5
726;6;Investimento;3734.84
727;21;Investimento;6472.31
728;14;Reembolso;5993.04
729;3;Investimento;4921.66
730;15;Salário;8391.46
731;8;Freelance;3398.84
732;31;Salário;3079.13
733;10;Venda;3320.7
734;7;Freelance;5483.3
735;5;Venda;9437.34
736;20;Investimento;917.18
737;28;Reembolso;8925.57
738;8;Venda;9216.15
739;27;Reembolso;2705.36
740;35;Salário;3905.11
741;5;Salário;4079.51
742;30;Salário;1888.95
743;34;Salário;6422.73
744;15;Reembolso;9348.13
745;34;Reembolso;8721.69
746;20;Investimento;8233.17
747;15;Freelance;8190.17
748;1;Freelance;3980.44
749;5;Freelance;2422.48
750;7;Investimento;2905.36
751;15;Salário;8947.35
752;11;Investimento;3348.73
753;28;Venda;8835.62
754;16;Investimento;8433.52
755;10;Investimento;3817.9
756;23;Freelance;7374.43
757;35;Reembolso;2129.07
758;3;Investimento;842.43
759;31;Salário;7288.74
760;24;Freelance;9499.87
761;28;Freelance;921.53
762;26;Venda;6229.53
763;18;Reembolso;6357.37
764;21;Salário;6064.99
765;14;Freelance;2314.64
766;25;Venda;7216.73
767;7;Venda;8379.92
768;13;Salário;7551.75
769;5;Reembolso;7854.91
770;34;Venda;9617.22
771;32;Venda;7914.11
772;2;Reembolso;6827.31
773;7;Investimento;5696.6
774;27;Salário;7293.24
775;29;Venda;8169.48
776;22;Investimento;7623.68
777;26;Investimento;1984.33
778;17;Reembolso;5424.18
779;32;Investimento;7044.47
780;18;Freelance;4641.12
781;28;Salário;3822.15
782;25;Reembolso;4824.36
783;30;Venda;7503.9
784;33;Freelance;1087.94
785;10;Reembolso;3445.77
786;28;Investimento;9460.39
787;11;Salário;8937.06
788;27;Freelance;1599.15
789;5;Venda;8571.21
790;19;Investimento;332.21
791;36;Reembolso;4715.05
792;7;Salário;6951.69
793;20;Venda;4450.05
794;8;Reembolso;2480.01
795;10;Investimento;5253.53
796;28;Freelance;1012.48
797;31;Investimento;9096.62
798;34;Investimento;1465.28
799;6;Freelance;484.23
800;1;Investimento;3433.66
801;10;Freelance;8980.71
802;15;Investimento;2821.51
803;21;Venda;4920.85
804;31;Salário;1530.19
805;10;Freelance;8529.67
806;5;Reembolso;274.56
807;23;Reembolso;6254.91
808;2;Venda;9616.49
809;17;Salário;7863.34
810;8;Freelance;827.26
811;10;Salário;4811.34
812;21;Freelance;373.1
813;19;Freelance;9169.23
814;25;Venda;4583.92
815;12;Freelance;854.72
816;35;Salário;5205.4
817;25;Salário;5733.26
818;2;Freelance;6373.26
819;11;Freelance;6951.1
820;24;Salário;6394.37
821;21;Freelance;7838.78
822;17;Reembolso;2673.49
823;31;Freelance;712.86
824;5;Salário;342.26
825;14;Freelance;515.28
826;20;Venda;6447.22
827;32;Investimento;3541.43
828;21;Freelance;6069.4
829;27;Venda;7814.21
830;8;Venda;3459.68
831;11;Reembolso;3488.68
832;18;Reembolso;4214.8
833;33;Reembolso;4936.0
834;26;Freelance;3864.08
835;17;Venda;513.94
836;18;Reembolso;358.98
837;23;Freelance;5974.73
838;7;Investimento;522.51
839;16;Venda;9391.31
840;7;Investimento;7108.53
841;16;Freelance;9139.63
842;1;Investimento;7311.2
843;2;Investimento;6955.08
844;10;Reembolso;2239.47
845;12;Investimento;758.43
846;18;Venda;1294.02
847;22;Investimento;8840.18
848;2;Freelance;7548.93
849;29;Venda;5294.44
850;24;Venda;5610.68
851;34;Reembolso;1965.73
852;10;Venda;8596.19
853;1;Reembolso;6064.2
854;19;Venda;7499.22
855;18;Salário;1471.73
856;20;Investimento;1217.03
857;14;Freelance;2203.19
858;16;Freelance;8550.66
859;3;Salário;1563.05
860;6;Reembolso;6925.3
861;27;Investimento;5617.48
862;9;Reembolso;4259.26
863;33;Freelance;569.08
864;14;Freelance;3144.66
865;28;Venda;426.85
866;15;Investimento;2298.97
867;32;Freelance;5211.28
868;17;Reembolso;4082.54
869;9;Freelance;3806.57
870;18;Salário;8984.54
871;15;Reembolso;3582.43
872;23;Investimento;1939.91
873;14;Investimento;2543.58
874;36;Venda;678.08
875;4;Salário;7272.63
876;35;Investimento;1500.22
877;27;Investimento;879.84
878;34;Venda;8011.77
879;4;Freelance;8210.06
880;9;Venda;2758.32
881;5;Reembolso;4902.87
882;34;Venda;9316.25
883;12;Salário;802.42
884;21;Salário;7338.72
885;29;Freelance;267.22
886;19;Freelance;9670.0
887;21;Reembolso;5072.41
888;32;Freelance;3590.06
889;7;Freelance;6856.18
890;27;Venda;8283.08
891;19;Reembolso;8218.74
892;11;Salário;3566.84
893;9;Freelance;1549.84
894;18;Salário;2129.04
895;1;Reembolso;2866.24
896;5;Investimento;4498.68
897;26;Investimento;2200.89
898;12;Freelance;5330.79
899;27;Salário;5682.09
900;24;Venda;2672.02
901;18;Reembolso;3659.01
902;22;Salário;7082.83
903;32;Investimento;6024.29
904;12;Investimento;1119.22
905;11;Salário;8959.17
906;1;Freelance;6417.73
907;27;Venda;6392.56
908;13;Salário;9079.91
909;18;Reembolso;2125.3
910;31;Reembolso;9708.18
911;32;Investimento;4976.95
912;1;Investimento;4746.74
913;18;Reembolso;702.8
914;21;Freelance;4964.88
915;31;Reembolso;1689.96
916;10;Freelance;7242.14
917;17;Investimento;4830.66
918;29;Venda;9164.66
919;7;Freelance;3730.34
920;1;Reembolso;7641.65
921;36;Venda;5497.82
922;4;Venda;9876.51
923;36;Venda;9065.49
924;28;Reembolso;2396.74
925;26;Salário;3387.65
926;11;Freelance;8581.78
927;27;Salário;7132.08
928;24;Salário;2574.92
929;19;Reembolso;3560.95
930;14;Investimento;6134.29
931;14;Investimento;3074.17
932;21;Venda;6101.81
933;30;Freelance;237.12
934;35;Investimento;4942.72
935;6;Freelance;3284.58
936;30;Freelance;3708.86
937;13;Investimento;5895.15
938;8;Investimento;4124.72
939;36;Freelance;1523.56
940;21;Reembolso;3785.92
941;34;Salário;4506.56
942;17;Venda;4932.61
943;11;Venda;7145.67
944;22;Reembolso;880.51
945;26;Reembolso;373.48
946;12;Salário;1058.84
947;19;Investimento;209.25
948;25;Salário;4511.16
949;35;Venda;8165.39
950;25;Reembolso;6230.64
951;14;Investimento;9570.65
952;25;Reembolso;254.97
953;15;Salário;3521.67
954;6;Freelance;2944.05
955;33;Salário;3637.7
956;12;Salário;7246.81
957;21;Venda;5338.15
958;34;Reembolso;8316.93
959;14;Venda;1879.4
960;15;Salário;9633.37
961;11;Venda;8612.84
962;32;Investimento;8817.59
963;31;Investimento;4541.38
964;28;Freelance;662.44
965;22;Reembolso;8418.37
966;25;Salário;3344.7
967;24;Venda;1435.95
968;7;Reembolso;2860.49
969;18;Venda;7140.93
970;19;Venda;7787.41
971;20;Salário;2311.85
972;36;Salário;2912.02
973;8;Investimento;4927.87
974;33;Salário;3023.97
975;23;Freelance;3528.57
976;34;Freelance;1699.29
977;30;Freelance;2077.23
978;20;Investimento;8259.48
979;10;Freelance;3931.81
980;15;Salário;7144.86
981;5;Salário;9573.05
982;35;Salário;5648.68
983;12;Venda;5581.79
984;8;Salário;5474.29
985;34;Reembolso;5371.93
986;24;Investimento;8895.41
987;7;Investimento;4599.49
988;21;Investimento;7828.4
989;8;Freelance;4715.44
990;16;Reembolso;4989.22
991;15;Investimento;7880.61
992;34;Reembolso;6453.06
993;26;Venda;919.73
994;13;Investimento;9028.12
995;13;Reembolso;5751.41
996;3;Investimento;1580.62
997;21;Freelance;9954.07
998;11;Salário;8210.06
999;15;Reembolso;9274.31
1000;35;Investimento;6968.82
1001;4;Freelance;6536.81
1002;34;Investimento;9020.11
1003;4;Reembolso;5715.97
1004;21;Reembolso;2790.56
1005;33;Salário;3937.12
1006;4;Reembolso;7643.55
1007;30;Salário;951.66
1008;10;Freelance;6397.38
1009;12;Reembolso;815.72
1010;16;Venda;358.21
1011;7;Venda;6388.54
1012;23;Freelance;4940.05
1013;31;Venda;2873.98
1014;31;Venda;3095.81
1015;1;Reembolso;9514.12
1016;14;Salário;8186.36
1017;23;Venda;9552.81
1018;26;Venda;8048.2
1019;35;Reembolso;9412.68
1020;23;Venda;7154.76
1021;10;Investimento;4816.67
1022;9;Salário;8393.77
1023;33;Reembolso;618.69
1024;30;Venda;523.35
1025;15;Freelance;3174.03
1026;31;Reembolso;276.94
1027;33;Salário;8477.2
1028;2;Investimento;8518.12
1029;15;Reembolso;2547.11
1030;11;Investimento;7305.03
1031;26;Freelance;8616.37
1032;14;Reembolso;4468.9
1033;17;Freelance;2843.55
1034;16;Venda;4989.45
1035;2;Reembolso;8675.42
1036;2;Salário;9839.15
1037;4;Freelance;8457.76
1038;14;Investimento;844.39
1039;26;Salário;629.73
1040;12;Reembolso;7297.71
1041;11;Investimento;4940.95
1042;12;Investimento;8375.56
1043;23;Reembolso;8450.22
1044;35;Freelance;9620.37
1045;7;Investimento;7429.75
1046;22;Venda;728.56
1047;24;Reembolso;9695.02
1048;35;Salário;8626.49
1049;18;Salário;9006.96
1050;20;Freelance;9416.03
1051;33;Salário;3767.43
1052;26;Venda;384.57
1053;32;Freelance;9334.45
1054;21;Venda;9707.26
1055;23;Salário;5701.91
1056;25;Venda;1329.75
1057;1;Investimento;6829.22
1058;5;Reembolso;4031.97
1059;17;Investimento;6008.34
1060;31;Venda;6586.09
1061;26;Investimento;258.69
1062;9;Venda;4106.58
1063;27;Salário;1877.16
1064;3;Freelance;9013.72
1065;4;Freelance;9221.01
1066;8;Salário;4043.22
1067;20;Venda;9013.21
1068;36;Investimento;2543.24
1069;22;Freelance;2475.64
1070;24;Venda;8076.31
1071;32;Salário;8626.93
1072;19;Salário;6890.52
1073;19;Venda;7929.9
1074;18;Freelance;2960.41
1075;1;Reembolso;6737.56
1076;18;Reembolso;1030.02
1077;11;Salário;7997.91
1078;8;Salário;6452.24
1079;12;Freelance;9274.85
1080;24;Salário;5619.47
1081;26;Investimento;906.87
1082;2;Investimento;3234.29
1083;17;Salário;9096.23
1084;17;Freelance;747.64
1085;27;Reembolso;2800.13
1086;30;Freelance;2878.29
1087;13;Salário;2201.57
1088;22;Investimento;2143.52
1089;26;Investimento;4073.92
1090;18;Reembolso;980.99
1091;14;Venda;2061.47
1092;26;Venda;5675.65
1093;33;Salário;7123.74
1094;31;Salário;9275.32
1095;35;Venda;3869.03
1096;9;Venda;4367.64
1097;20;Salário;3451.98
1098;2;Venda;8208.41
1099;7;Freelance;6149.25
1100;9;Freelance;5979.51
1101;28;Salário;1550.61
1102;14;Venda;1198.43
1103;21;Investimento;4749.13
1104;12;Freelance;3388.33
1105;32;Freelance;2107.06
1106;28;Venda;7500.54
1107;4;Freelance;2053.2
1108;1;Freelance;5924.23
1109;3;Venda;5359.22
1110;24;Venda;2902.6
1111;7;Reembolso;6191.67
1112;4;Salário;1182.71
1113;34;Investimento;674.42
1114;34;Investimento;6500.13
1115;30;Venda;7809.26
1116;17;Venda;9963.47
1117;22;Venda;7810.44
1118;12;Salário;3215.28
1119;35;Freelance;6355.97
1120;3;Venda;5143.61
1121;23;Salário;1063.49
1122;7;Investimento;7083.63
1123;32;Salário;244.29
1124;27;Salário;8836.32
1125;6;Salário;4302.72
1126;7;Salário;1438.57
1127;29;Venda;4804.66
1128;11;Investimento;4081.41
1129;4;Reembolso;4189.31
1130;31;Freelance;2446.3
1131;20;Reembolso;9837.4
1132;26;Freelance;7231.57
1133;36;Venda;8475.45
1134;9;Venda;2533.05
1135;29;Venda;6850.72
1136;30;Venda;7787.53
1137;27;Salário;7858.62
1138;25;Reembolso;9146.87
1139;10;Venda;7246.56
1140;6;Investimento;7916.32
1141;16;Salário;7625.04
1142;29;Reembolso;7290.3
1143;34;Investimento;1690.13
1144;19;Reembolso;4711.39
1145;18;Freelance;9527.2
1146;32;Investimento;1806.24
1147;9;Investimento;210.34
1148;34;Investimento;9004.44
1149;13;Venda;1844.76
1150;9;Reembolso;5525.8
1151;27;Salário;1627.55
1152;13;Reembolso;2801.45
1153;8;Investimento;6371.93
1154;8;Reembolso;9117.12
1155;36;Freelance;9201.31
1156;17;Venda;1642.28
1157;27;Salário;2812.87
1158;4;Freelance;2034.1
1159;22;Reembolso;4087.05
1160;33;Venda;4939.26
1161;21;Investimento;9771.48
1162;28;Venda;9276.26
1163;12;Freelance;4738.06
1164;6;Salário;8059.09
1165;27;Freelance;2525.54
1166;23;Reembolso;2820.87
1167;28;Salário;9514.39
1168;13;Investimento;9372.64
1169;27;Reembolso;9183.66
1170;11;Investimento;9530.12
1171;36;Venda;2514.35
1172;30;Salário;5369.08
1173;27;Reembolso;5006.67
1174;2;Venda;9388.5
1175;28;Venda;1493.49
1176;27;Investimento;7016.79
1177;11;Venda;5763.91
1178;11;Reembolso;2124.48
1179;21;Reembolso;5582.2
1180;7;Salário;2706.48
1181;25;Freelance;4827.45
1182;8;Investimento;1973.02
1183;31;Investimento;9952.39
1184;25;Investimento;6278.88
1185;2;Freelance;1310.04
1186;36;Investimento;972.31
1187;14;Investimento;5439.77
1188;8;Salário;4698.49
1189;28;Venda;2358.7
1190;33;Freelance;763.29
1191;7;Investimento;702.06
1192;14;Investimento;6588.08
1193;2;Reembolso;9821.34
1194;15;Investimento;7160.78
1195;13;Salário;2645.71
1196;18;Salário;1634.38
1197;5;Salário;7075.66
1198;20;Investimento;6456.16
1199;31;Freelance;2267.73
1200;27;Freelance;7097.78
1201;10;Venda;6914.91
1202;24;Freelance;8218.35
1203;8;Reembolso;2406.86
1204;13;Reembolso;8754.96
1205;21;Freelance;6717.75
1206;34;Salário;6056.08
1207;23;Venda;616.29
1208;21;Venda;3583.41
1209;22;Venda;8650.05
1210;14;Freelance;8724.64
1211;15;Salário;3154.63
1212;34;Salário;9735.99
1213;27;Freelance;6821.26
1214;28;Reembolso;2462.49
1215;6;Reembolso;2916.94
1216;16;Reembolso;1444.67
1217;27;Freelance;6232.69
1218;14;Salário;4835.47
1219;5;Freelance;4215.27
1220;10;Venda;5799.49
1221;8;Investimento;625.62
1222;3;Freelance;2078.43
1223;25;Salário;3019.6
1224;10;Salário;2378.27
1225;16;Salário;2772.83
1226;24;Freelance;6330.45
1227;35;Venda;2789.04
1228;6;Venda;8188.14
1229;3;Investimento;3349.67
1230;4;Venda;4003.59
1231;36;Reembolso;9148.84
1232;35;Salário;2303.72
1233;36;Salário;7959.2
1234;19;Freelance;4947.68
1235;6;Freelance;9253.24
1236;12;Venda;518.2
1237;5;Venda;5700.1
1238;15;Investimento;3952.7
1239;14;Freelance;6764.52
1240;36;Freelance;2039.82
1241;8;Salário;8691.48
1242;36;Reembolso;9177.46
1243;12;Investimento;2933.95
1244;35;Investimento;6057.52
1245;24;Salário;3334.25
1246;24;Venda;9979.25
1247;2;Reembolso;2864.49
1248;10;Freelance;1051.01
1249;19;Venda;7929.91
1250;18;Reembolso;7317.18
1251;9;Freelance;6048.22
1252;17;Salário;5570.84
1253;7;Reembolso;9463.45
1254;19;Reembolso;2051.11
1255;27;Investimento;7980.33
1256;13;Venda;4289.57
1257;33;Freelance;2361.61
1258;35;Freelance;9854.74
1259;10;Venda;8685.52
1260;34;Investimento;8533.9
1261;14;Venda;9903.74
1262;25;Venda;3320.12
1263;22;Reembolso;2943.05
1264;7;Salário;918.05
1265;1;Investimento;3268.71
1266;34;Salário;3463.8
1267;19;Freelance;7257.45
1268;28;Venda;1890.04
1269;19;Freelance;9269.59
1270;32;Freelance;8190.54
1271;5;Reembolso;4750.43
1272;18;Venda;5725.86
1273;13;Salário;2278.65
1274;9;Freelance;4979.35
1275;10;Investimento;745.28
1276;16;Salário;8366.59
1277;16;Salário;6246.09
1278;31;Reembolso;6960.41
1279;4;Freelance;455.24
1280;34;Investimento;4417.52
1281;20;Reembolso;9850.25
1282;9;Salário;2816.58
1283;4;Reembolso;4017.77
1284;28;Reembolso;6121.8
1285;27;Venda;7452.96
1286;24;Investimento;8169.47
1287;35;Freelance;1821.42
1288;24;Reembolso;8755.68
1289;7;Investimento;881.95
1290;2;Salário;5811.97
1291;24;Reembolso;5551.04
1292;29;Freelance;9744.97
1293;8;Freelance;1104.29
1294;33;Freelance;425.27
1295;5;Freelance;9798.26
1296;6;Freelance;8063.93
1297;19;Reembolso;8405.68
1298;9;Venda;6840.92
1299;25;Salário;8585.45
1300;1;Venda;5389.18
1301;16;Venda;9302.9
1302;8;Freelance;5395.5
1303;7;Reembolso;4121.52
1304;11;Freelance;9838.3
1305;5;Venda;7182.77
1306;24;Investimento;5231.71
1307;18;Venda;4505.03
1308;6;Freelance;554.67
1309;14;Freelance;1408.76
1310;3;Investimento;3497.6
1311;36;Salário;2116.0
1312;5;Salário;1464.5
1313;4;Reembolso;3714.56
1314;22;Venda;1816.37
1315;31;Investimento;4526.72
1316;8;Investimento;2087.53
1317;24;Salário;817.17
1318;33;Reembolso;4016.78
1319;3;Investimento;7213.99
1320;1;Venda;645.41
1321;5;Freelance;4904.79
1322;16;Investimento;3572.92
1323;3;Venda;551.99
1324;32;Reembolso;2615.15
1325;27;Freelance;1017.28
1326;24;Investimento;3150.79
1327;22;Freelance;8515.93
1328;17;Salário;2818.29
1329;12;Salário;2430.58
1330;33;Investimento;5049.16
1331;35;Salário;2738.92
1332;34;Investimento;3151.67
1333;16;Investimento;5607.41
1334;28;Salário;9021.0
1335;20;Investimento;1810.41
1336;25;Reembolso;419.81
1337;27;Investimento;3119.37
1338;2;Investimento;9272.43
1339;12;Salário;7300.23
1340;26;Investimento;7031.58
1341;6;Venda;9651.82
1342;6;Salário;2956.79
1343;7;Freelance;9287.02
1344;25;Salário;4551.44
1345;5;Investimento;5914.32
1346;8;Venda;8030.6
1347;29;Venda;2376.71
1348;33;Venda;5468.51
1349;17;Venda;9162.98
1350;36;Reembolso;5217.33
1351;24;Salário;9891.45
1352;33;Venda;9446.59
1353;32;Reembolso;212.11
1354;23;Salário;8570.17
1355;7;Investimento;3858.51
1356;19;Freelance;9532.55
1357;10;Investimento;1799.0
1358;10;Freelance;8981.95
1359;22;Reembolso;1921.98
1360;3;Reembolso;509.73
1361;31;Freelance;8053.05
1362;1;Freelance;8244.32
1363;18;Freelance;3296.46
1364;14;Salário;1902.32
1365;30;Salário;4302.98
1366;33;Reembolso;4103.05
1367;28;Salário;6396.03
1368;9;Reembolso;5801.23
1369;17;Reembolso;5080.46
1370;35;Salário;3278.51
1371;31;Salário;5279.44
1372;13;Reembolso;6781.44
1373;8;Investimento;5377.65
1374;10;Salário;8376.48
1375;25;Freelance;1741.29
1376;2;Investimento;9042.4
1377;33;Freelance;3175.56
1378;3;Investimento;5846.51
1379;36;Freelance;6892.76
1380;16;Investimento;4607.34
1381;13;Freelance;2136.18
1382;29;Investimento;9720.83
1383;26;Reembolso;7104.34
1384;25;Investimento;4004.82
1385;14;Reembolso;8243.53
1386;29;Reembolso;9292.84
1387;4;Venda;4374.83
1388;24;Investimento;8445.76
1389;25;Venda;6356.43
1390;13;Salário;5106.4
1391;6;Investimento;9074.78
1392;14;Salário;4564.73
1393;24;Freelance;6873.07
1394;31;Salário;8227.53
1395;10;Salário;3337.13
1396;4;Freelance;4055.91
1397;20;Freelance;8534.15
1398;14;Investimento;3184.11
1399;9;Reembolso;5490.97
1400;28;Venda;1680.16
1401;31;Salário;2713.84
1402;2;Freelance;6862.19
1403;27;Freelance;7647.67
1404;21;Reembolso;6333.54
1405;8;Salário;2237.48
1406;14;Investimento;9644.49
1407;4;Reembolso;1248.42
1408;3;Venda;2435.41
1409;25;Salário;3785.47
1410;19;Investimento;2457.55
1411;10;Venda;4541.93
1412;20;Salário;1043.52
1413;11;Investimento;4048.56
1414;29;Venda;2301.27
1415;21;Reembolso;7996.17
1416;15;Freelance;4718.45
1417;17;Reembolso;7872.18
1418;36;Reembolso;3736.02
1419;15;Venda;3661.49
1420;36;Freelance;2517.47
1421;13;Freelance;4512.92
1422;27;Investimento;1272.61
1423;29;Investimento;1350.06
1424;11;Salário;5786.2
1425;23;Freelance;7741.5
1426;21;Reembolso;3887.9
1427;18;Salário;8130.89
1428;29;Investimento;5734.07
1429;30;Reembolso;6130.24
1430;16;Salário;8599.41
1431;12;Freelance;1733.17
1432;13;Venda;7349.17
1433;5;Reembolso;2453.42
1434;35;Salário;1119.02
1435;2;Investimento;5399.3
1436;18;Investimento;997.53
1437;9;Investimento;2838.78
1438;27;Investimento;4809.05
1439;33;Venda;786.4
1440;35;Venda;3372.88
1441;13;Investimento;8281.2
1442;31;Venda;5027.84
1443;19;Reembolso;2245.95
1444;30;Reembolso;5282.99
1445;18;Investimento;3218.3
1446;6;Freelance;7542.47
1447;36;Salário;5832.79
1448;7;Reembolso;6255.83
1449;16;Freelance;1484.62
1450;22;Salário;7069.55
1451;34;Freelance;9249.22
1452;18;Freelance;7259.18
1453;21;Investimento;8650.26
1454;19;Investimento;9251.92
1455;34;Reembolso;522.0
1456;33;Freelance;9097.81
1457;34;Freelance;9876.62
1458;17;Reembolso;9325.5
1459;36;Reembolso;6969.15
1460;21;Freelance;9627.82
1461;21;Freelance;7351.4
1462;20;Salário;4663.4
1463;12;Freelance;2836.63
1464;23;Investimento;3890.12
1465;21;Investimento;1401.58
1466;14;Freelance;794.47
1467;18;Investimento;3019.78
1468;2;Reembolso;9744.46
1469;25;Investimento;1813.8
1470;34;Venda;7523.64
1471;16;Salário;5620.24
1472;13;Venda;2042.14
1473;9;Reembolso;7755.92
1474;27;Venda;8151.49
1475;22;Venda;6587.31
1476;10;Freelance;2465.74
1477;21;Freelance;8664.8
1478;16;Salário;6658.57
1479;5;Reembolso;3847.68
1480;24;Freelance;8296.52
1481;7;Reembolso;4510.31
1482;27;Investimento;2127.87
1483;26;Salário;4932.74
1484;17;Venda;2563.69
1485;24;Salário;6073.63
1486;26;Reembolso;3211.39
1487;2;Venda;7057.4
1488;23;Freelance;2134.21
1489;36;Investimento;5507.95
1490;35;Investimento;3392.62
1491;3;Reembolso;6978.79
1492;6;Salário;8952.31
1493;31;Reembolso;1045.2
1494;7;Venda;4038.43
1495;15;Freelance;8264.03
1496;7;Investimento;4015.15
1497;16;Reembolso;1102.57
1498;34;Salário;4305.27
1499;23;Freelance;5895.28
1500;16;Freelance;4642.92
1501;31;Reembolso;793.19
1502;20;Salário;7001.22
1503;8;Salário;8111.81
1504;18;Reembolso;9620.8
1505;2;Freelance;9127.38
1506;20;Investimento;9214.32
1507;14;Freelance;7602.7
1508;14;Freelance;4385.64
1509;2;Venda;9385.14
1510;1;Venda;8377.99
1511;5;Venda;677.75
1512;35;Venda;8102.33
1513;29;Venda;5701.99
1514;28;Salário;5990.7
1515;18;Investimento;4223.11
1516;28;Investimento;8215.68
1517;5;Salário;8562.65
1518;31;Freelance;3520.03
1519;35;Reembolso;8618.85
1520;5;Investimento;7177.89
1521;13;Salário;7347.23
1522;6;Freelance;2438.65
1523;29;Salário;6406.24
1524;33;Investimento;5937.38
1525;15;Investimento;1784.29
1526;34;Reembolso;760.28
1527;21;Investimento;1607.46
1528;7;Investimento;8745.14
1529;26;Salário;5196.03
1530;23;Freelance;9247.03
1531;2;Salário;6547.42
1532;12;Investimento;314.59
1533;34;Venda;5302.9
1534;6;Freelance;6417.61
1535;14;Venda;4472.95
1536;33;Venda;5737.46
1537;23;Venda;8014.89
1538;28;Salário;1648.19
1539;35;Salário;7513.46
1540;30;Venda;2071.74
1541;31;Freelance;6643.2
1542;18;Venda;9432.38
1543;32;Investimento;2211.32
1544;1;Reembolso;8492.91
1545;35;Freelance;8521.19
1546;19;Salário;5856.35
1547;19;Investimento;8075.36
1548;11;Salário;9327.58
1549;31;Salário;4796.23
1550;35;Freelance;7248.76
1551;24;Investimento;992.81
1552;20;Investimento;9925.37
1553;17;Freelance;1728.68
1554;1;Venda;4921.02
1555;21;Reembolso;2390.17
1556;1;Investimento;6206.69
1557;21;Reembolso;9830.86
1558;33;Reembolso;1143.43
1559;31;Reembolso;7569.26
1560;29;Freelance;7012.3
1561;13;Freelance;732.44
1562;2;Salário;6577.55
1563;5;Investimento;8261.68
1564;13;Salário;8350.08
1565;14;Freelance;8748.17
1566;5;Freelance;3757.44
1567;11;Freelance;2896.72
1568;3;Investimento;9595.22
1569;23;Reembolso;7987.34
1570;13;Reembolso;6578.57
1571;6;Venda;6791.02
1572;32;Investimento;7911.63
1573;31;Venda;8363.41
1574;21;Venda;9341.7
1575;28;Venda;2532.62
1576;16;Venda;5637.7
1577;15;Investimento;7079.01
1578;23;Freelance;8344.04
1579;14;Investimento;6159.72
1580;13;Venda;9605.78
1581;28;Salário;8699.08
1582;34;Freelance;9425.07
1583;5;Reembolso;9687.67
1584;17;Venda;1383.42
1585;21;Salário;6537.98
1586;32;Freelance;936.42
1587;16;Freelance;508.67
1588;10;Freelance;1427.61
1589;29;Investimento;9590.62
1590;10;Investimento;7474.7
1591;26;Freelance;796.26
1592;15;Salário;7561.69
1593;14;Freelance;670.84
1594;31;Salário;6797.68
1595;14;Salário;4562.89
1596;23;Investimento;8624.02
1597;23;Reembolso;6214.88
1598;9;Salário;7913.52
1599;23;Salário;368.39
1600;6;Venda;2598.4
1601;9;Investimento;4952.81
1602;1;Freelance;5697.56
1603;9;Venda;942.85
1604;13;Salário;8015.21
1605;23;Reembolso;1704.56
1606;6;Investimento;5221.9
1607;29;Salário;8781.4
1608;33;Freelance;9452.86
1609;5;Freelance;9051.69
1610;7;Salário;1185.33
1611;30;Investimento;6142.33
1612;23;Reembolso;8976.24
1613;24;Venda;5683.0
1614;18;Venda;6101.71
1615;25;Freelance;8255.83
1616;34;Reembolso;7663.18
1617;27;Investimento;5831.22
1618;32;Reembolso;4628.94
1619;22;Investimento;5526.28
1620;19;Freelance;7325.61
1621;23;Freelance;9742.22
1622;21;Reembolso;7723.72
1623;22;Freelance;8735.29
1624;18;Freelance;4055.79
1625;34;Freelance;2285.17
1626;26;Venda;7376.21
1627;8;Venda;3238.2
1628;35;Reembolso;5437.07
1629;33;Investimento;3911.45
1630;36;Venda;7068.95
1631;35;Investimento;9099.53
1632;18;Salário;5484.47
1633;26;Investimento;9172.33
1634;21;Investimento;7823.37
1635;13;Venda;7897.71
1636;29;Reembolso;2393.68
1637;33;Investimento;9242.97
1638;21;Salário;6800.01
1639;20;Salário;2638.04
1640;1;Reembolso;7716.67
1641;3;Venda;9104.08
1642;30;Venda;5163.47
1643;11;Investimento;2171.09
1644;29;Investimento;3236.21
1645;7;Salário;4769.89
1646;23;Investimento;6124.46
1647;23;Investimento;5926.3
1648;23;Venda;8461.12
1649;8;Reembolso;893.28
1650;28;Reembolso;6095.6
1651;31;Venda;6449.72
1652;4;Venda;5932.47
1653;14;Venda;272.82
1654;13;Investimento;2626.22
1655;20;Reembolso;9542.28
1656;20;Salário;8362.44
1657;24;Reembolso;4854.19
1658;32;Venda;2487.69
1659;20;Salário;1773.09
1660;11;Venda;5277.36
1661;16;Investimento;6100.98
1662;7;Salário;819.98
1663;7;Freelance;3901.12
1664;12;Freelance;6381.64
1665;23;Venda;8964.63
1666;17;Investimento;7999.4
1667;12;Salário;4374.9
1668;19;Reembolso;5457.65
1669;2;Freelance;5007.1
1670;2;Venda;2016.09
1671;34;Venda;2077.91
1672;6;Salário;4567.05
1673;36;Venda;7101.37
1674;27;Salário;8533.96
1675;20;Reembolso;9956.4
1676;22;Reembolso;726.84
1677;23;Salário;5190.92
1678;26;Reembolso;4519.49
1679;28;Investimento;9976.34
1680;7;Investimento;1171.39
1681;30;Freelance;7017.31
1682;25;Investimento;1711.14
1683;15;Venda;922.81
1684;27;Freelance;212.43
1685;5;Investimento;927.45
1686;27;Investimento;5992.3
1687;27;Freelance;8282.0
1688;15;Reembolso;5767.25
1689;19;Salário;8944.66
1690;32;Salário;3973.65
1691;5;Venda;5855.24
1692;1;Venda;7694.89
1693;27;Venda;8165.52
1694;27;Reembolso;4995.02
1695;4;Venda;7774.12
1696;35;Salário;3226.34
1697;34;Venda;4866.88
1698;10;Salário;1045.43
1699;22;Investimento;7389.34
1700;6;Freelance;1087.45
1701;21;Reembolso;3613.16
1702;35;Freelance;8041.91
1703;4;Reembolso;5446.71
1704;18;Reembolso;2896.42
1705;30;Venda;6664.48
1706;12;Freelance;9937.34
1707;34;Reembolso;3502.55
1708;28;Freelance;679.02
1709;29;Investimento;906.58
1710;21;Salário;6272.05
1711;5;Venda;1881.48
1712;5;Salário;8644.04
1713;7;Salário;3608.61
1714;9;Freelance;2194.13
1715;20;Freelance;9339.19
1716;22;Reembolso;6334.84
1717;29;Venda;6871.55
1718;26;Venda;2383.32
1719;6;Investimento;3288.93
1720;1;Investimento;6259.96
1721;15;Investimento;3440.32
1722;10;Salário;7087.84
1723;10;Investimento;905.38
1724;23;Venda;4189.76
1725;7;Salário;5914.23
1726;9;Investimento;1296.25
1727;19;Reembolso;725.9
1728;8;Salário;4573.41
1729;6;Salário;7678.33
1730;27;Reembolso;3137.57
1731;25;Reembolso;7909.43
1732;18;Venda;8446.0
1733;32;Reembolso;7956.25
1734;24;Venda;1240.88
1735;17;Salário;1959.69
1736;24;Reembolso;561.65
1737;10;Venda;3332.67
1738;30;Venda;5900.71
1739;8;Reembolso;9760.7
1740;29;Venda;558.27
1741;3;Venda;9955.57
1742;8;Investimento;4748.7
1743;31;Reembolso;1390.78
1744;22;Reembolso;3088.41
1745;13;Freelance;2547.9
1746;16;Salário;1287.87
1747;11;Investimento;4543.6
1748;36;Investimento;4624.39
1749;30;Reembolso;6263.72
1750;19;Salário;3905.93
1751;21;Reembolso;662.31
1752;25;Salário;2510.42
1753;21;Investimento;9232.7
1754;5;Venda;4334.91
1755;29;Venda;7673.5
1756;24;Salário;3644.23
1757;29;Reembolso;376.47
1758;36;Investimento;7065.37
1759;33;Venda;2556.21
1760;7;Salário;3141.98
1761;27;Investimento;4872.57
1762;4;Freelance;2603.98
1763;33;Freelance;2814.3
1764;34;Salário;6467.71
1765;33;Reembolso;5643.45
1766;35;Salário;6668.01
1767;17;Salário;6072.1
1768;11;Freelance;3758.71
1769;14;Venda;1167.98
1770;35;Salário;3049.73
1771;31;Salário;7390.38
1772;34;Salário;3742.26
1773;18;Venda;4399.02
1774;33;Salário;651.88
1775;14;Reembolso;4192.28
1776;19;Reembolso;2791.35
1777;31;Salário;2732.06
1778;30;Venda;7183.91
1779;17;Reembolso;7514.88
1780;13;Venda;7652.15
1781;7;Salário;5965.61
1782;33;Salário;8670.93
1783;9;Venda;5447.43
1784;10;Salário;5787.45
1785;30;Reembolso;4480.4
1786;5;Investimento;1118.23
1787;35;Freelance;5289.97
1788;36;Reembolso;4826.19
1789;36;Venda;5922.3
1790;3;Reembolso;7363.3
1791;36;Investimento;6934.4
1792;28;Freelance;2514.9
1793;28;Freelance;1569.18
1794;31;Reembolso;2274.25
1795;17;Investimento;2226.46
1796;11;Salário;1114.05
1797;36;Investimento;8316.98
1798;22;Reembolso;8720.19
1799;28;Salário;3328.06
1800;16;Venda;4382.98
1801;19;Salário;7174.26
1802;35;Reembolso;2944.62
1803;5;Investimento;1211.18
1804;34;Venda;5443.01
1805;19;Salário;6750.09
1806;36;Salário;5414.75
1807;17;Salário;1705.7
1808;29;Freelance;7141.96
1809;33;Freelance;8647.26
1810;30;Investimento;540.25
1811;14;Salário;8815.15
1812;24;Venda;200.55
1813;16;Venda;4587.47
1814;19;Investimento;8629.73
1815;21;Venda;5443.04
1816;1;Reembolso;9610.73
1817;12;Investimento;9446.7
1818;6;Reembolso;4387.97
1819;9;Investimento;3115.93
1820;25;Freelance;6754.87
1821;13;Salário;3076.96
1822;28;Freelance;2348.47
1823;12;Venda;5306.35
1824;3;Venda;6997.6
1825;33;Freelance;2038.6
1826;12;Venda;1042.08
1827;30;Salário;5932.43
1828;18;Salário;8524.9
1829;33;Freelance;9314.7
1830;14;Salário;8210.87
1831;22;Salário;9160.06
1832;33;Venda;7853.85
1833;12;Freelance;8473.16
1834;15;Reembolso;5973.29
1835;15;Investimento;1044.05
1836;28;Investimento;1897.84
1837;14;Salário;8971.16
1838;24;Reembolso;5451.74
1839;14;Salário;6741.78
1840;3;Venda;2505.69
1841;18;Freelance;2144.05
1842;35;Investimento;6745.17
1843;29;Venda;7258.75
1844;17;Salário;9289.17
1845;1;Venda;8597.68
1846;11;Freelance;1775.27
1847;34;Venda;9392.93
1848;14;Reembolso;1614.61
1849;23;Salário;5427.03
1850;17;Reembolso;1974.25
1851;15;Reembolso;1905.4
1852;33;Venda;1633.29
1853;26;Freelance;9248.77
1854;35;Investimento;9438.29
1855;5;Freelance;7837.83
1856;28;Reembolso;6348.19
1857;14;Investimento;4815.13
1858;17;Freelance;7288.0
1859;15;Freelance;8020.85
1860;12;Salário;5739.14
1861;31;Salário;9115.25
1862;17;Venda;1971.8
1863;36;Investimento;4189.66
1864;9;Reembolso;5195.72
1865;1;Salário;5384.24
1866;26;Venda;833.2
1867;5;Salário;3319.43
1868;4;Freelance;6411.97
1869;12;Investimento;4278.61
1870;5;Reembolso;7892.1
1871;29;Venda;1607.76
1872;25;Salário;1657.06
1873;22;Salário;4130.75
1874;36;Freelance;6107.03
1875;12;Salário;8655.0
1876;22;Investimento;1755.15
1877;4;Investimento;5920.51
1878;24;Freelance;9827.12
1879;12;Venda;8201.68
1880;4;Freelance;7990.47
1881;10;Venda;3845.59
1882;31;Freelance;1579.63
1883;11;Reembolso;6534.42
1884;15;Freelance;4662.9
1885;26;Reembolso;4084.93
1886;23;Venda;8887.21
1887;31;Freelance;9402.27
1888;2;Investimento;9572.6
1889;10;Salário;3708.87
1890;10;Freelance;4282.38
1891;28;Freelance;488.35
1892;35;Investimento;5100.62
1893;25;Reembolso;7183.83
1894;25;Reembolso;7608.03
1895;6;Salário;8325.56
1896;35;Investimento;3543.59
1897;8;Investimento;8825.45
1898;30;Investimento;629.58
1899;3;Freelance;4842.76
1900;11;Venda;3359.43
1901;16;Freelance;506.54
1902;16;Salário;7178.57
1903;29;Investimento;9353.37
1904;10;Venda;9061.58
1905;19;Freelance;6657.25
1906;3;Reembolso;3468.33
1907;22;Investimento;4343.95
1908;12;Investimento;2453.62
1909;18;Reembolso;5275.19
1910;5;Salário;8304.71
1911;26;Investimento;7340.33
1912;5;Salário;6238.47
1913;6;Reembolso;9633.45
1914;21;Venda;6918.52
1915;11;Freelance;1881.71
1916;34;Freelance;5843.5
1917;25;Reembolso;3549.57
1918;19;Reembolso;8896.38
1919;21;Reembolso;4631.49
1920;25;Freelance;873.34
1921;29;Salário;9964.91
1922;17;Venda;8570.52
1923;10;Venda;9148.35
1924;36;Salário;6783.77
1925;14;Reembolso;2137.94
1926;13;Venda;6745.38
1927;14;Salário;3380.42
1928;21;Reembolso;6835.38
1929;4;Salário;2091.75
1930;1;Freelance;9541.42
1931;34;Freelance;4362.58
1932;31;Freelance;8201.56
1933;24;Venda;721.06
1934;32;Freelance;4244.38
1935;25;Salário;5540.17
1936;27;Salário;2313.98
1937;6;Reembolso;9155.38
1938;1;Venda;5514.98
1939;3;Investimento;3965.58
1940;12;Reembolso;6899.82
1941;9;Salário;7825.09
1942;36;Investimento;1369.16
1943;9;Investimento;2448.22
1944;16;Venda;7300.66
1945;7;Venda;1776.19
1946;31;Freelance;703.86
1947;29;Venda;6806.62
1948;30;Investimento;9773.99
1949;13;Venda;1004.0
1950;13;Reembolso;9985.35
1951;20;Investimento;5472.13
1952;25;Venda;6997.38
1953;34;Salário;1175.45
1954;32;Reembolso;8906.48
1955;21;Reembolso;5023.97
1956;19;Reembolso;4064.71
1957;16;Freelance;5281.65
1958;15;Salário;6325.46
1959;12;Investimento;8736.52
1960;31;Investimento;4424.68
1961;19;Reembolso;9602.41
1962;22;Salário;6186.86
1963;6;Salário;4563.45
1964;17;Venda;1420.0
1965;27;Venda;8832.84
1966;8;Reembolso;4509.76
1967;30;Salário;6274.49
1968;8;Reembolso;5920.58
1969;3;Salário;3525.55
1970;6;Freelance;3867.81
1971;9;Venda;533.71
1972;30;Venda;9202.77
1973;5;Venda;9540.54
1974;2;Venda;5443.05
1975;24;Investimento;2476.56
1976;34;Venda;3234.64
1977;18;Reembolso;6644.03
1978;36;Venda;6464.06
1979;1;Salário;6192.46
1980;35;Venda;1929.67
1981;1;Investimento;5843.95
1982;1;Investimento;1560.89
1983;14;Reembolso;3891.69
1984;7;Reembolso;4610.09
1985;29;Investimento;1524.28
1986;27;Freelance;6605.51
1987;7;Salário;4226.53
1988;30;Reembolso;7468.27
1989;28;Salário;6650.37
1990;35;Investimento;2450.24
1991;17;Investimento;5161.08
1992;27;Investimento;5565.53
1993;7;Reembolso;3085.06
1994;28;Freelance;1890.1
1995;10;Salário;482.14
1996;18;Reembolso;3133.76
1997;10;Venda;2224.84
1998;3;Investimento;5314.14
1999;4;Salário;1165.19
2000;4;Investimento;8422.02
