nome_liga_padronizado;pais_liga;genero_liga;nome_liga;nome_clube
Chinese Super League;China;Masculino;CSL;Zhejiang Pro
Ekstraklasa;Polonia;Masculino;PKO BP Ekstraklasa;Zagłębie Lubin
Ekstraklasa;Polonia;Masculino;Ekstraklasa;Zagłębie Lubin
Superliga;Suiça;Masculino;CSSL;Yverdon Sport FC
EFL League One;Inglaterra;Masculino;League One;Wycombe Wanderers
EFL League One;Inglaterra;Masculino;EFL League One;Wycombe
Chinese Super League;China;Masculino;CSL;Wuhan Three Towns
Bundesliga;Alemanha;Masculino;Bundesliga;WSG Tirol
Ö. Bundesliga;Austria;Masculino;Ö. Bundesliga;WSG Tirol
A-League;Australia;Masculino;A-League;WS Wanderers
EFL League Two;Inglaterra;Masculino;League Two;Wrexham
EFL League One;Inglaterra;Masculino;EFL League One;Wrexham
Premier League;Inglaterra;Masculino;Premier League;Wolves
Premier League;Inglaterra;Masculino;Premier League;Wolverhampton Wanderers
Ö. Bundesliga;Austria;Masculino;Ö. Bundesliga;Wolfsberger AC
Bundesliga;Alemanha;Masculino;Bundesliga;Wolfsberger AC
Copa Sul-Americana;America do Sul;Masculino;Sudamericana;Wilstermann
Liga da Bolivia;Bolivia;Masculino;División de Fútbol Profesional;Wilstermann
Eredivisie;Holanda;Masculino;Eredivisie;Willem II
EFL League One;Inglaterra;Masculino;EFL League One;Wigan Athletic
EFL League One;Inglaterra;Masculino;League One;Wigan Athletic
Ekstraklasa;Polonia;Masculino;PKO BP Ekstraklasa;Widzew Łódź
Ekstraklasa;Polonia;Masculino;Ekstraklasa;Widzew Łódź
MLS;Estados Unidos;Masculino;MLS;Whitecaps FC
A-League;Australia;Masculino;A-League;Western United
A-League;Australia;Masculino;A-League Men;Western United
A-League;Australia;Masculino;A-League Men;Western Sydney Wanderers
Premier League;Inglaterra;Masculino;Premier League;West Ham United
Superliga Feminina;Inglaterra;Feminino;Barclays WSL;West Ham
Premier League;Inglaterra;Masculino;Premier League;West Ham
EFL Championship;Inglaterra;Masculino;Championship;West Bromwich Albion
EFL Championship;Inglaterra;Masculino;EFL Championship;West Brom
Bundesliga;Alemanha;Masculino;Bundesliga;Werder Bremen
A-League;Australia;Masculino;A-League Men;Wellington Phoenix
A-League;Australia;Masculino;A-League;Well. Phoenix
Bundesliga 2;Alemanha;Masculino;2. Bundesliga;Wehen Wiesbaden
3 Liga;Alemanha;Masculino;3. Liga;Wehen Wiesbaden
EFL Championship;Inglaterra;Masculino;EFL Championship;Watford
EFL Championship;Inglaterra;Masculino;Championship;Watford
SSE Airtricity League Premier Division;Irlanda;Masculino;SSE Airtricity PD;Waterford
NWSL;Estados Unidos;Feminino;NWSL;Washington Spirit
Ekstraklasa;Polonia;Masculino;Ekstraklasa;Warta Poznań
Copa Sul-Americana;America do Sul;Masculino;Sudamericana;Wanderers
Liga Profesional de Fútbol;Argentina;Masculino;Primera División;Wanderers
EFL League Two;Inglaterra;Masculino;League Two;Walsall
EFL League Two;Inglaterra;Masculino;EFL League Two;Walsall
3 Liga;Alemanha;Masculino;3. Liga;Waldhof Mannheim
Liga I;Romenia;Masculino;Liga I;Voluntari
Liga Portugal;Portugal;Masculino;Primeira Liga;Vizela
Liga Portugal;Portugal;Masculino;Liga Portugal;Vitória SC
Liga Portugal;Portugal;Masculino;Primeira Liga;Vitória SC
Eredivisie;Holanda;Masculino;Eredivisie;Vitesse
La Liga 2;Espanha;Masculino;La Liga 2;Villarreal II
La Liga;Espanha;Masculino;LALIGA EA SPORTS;Villarreal CF
La Liga;Espanha;Masculino;La Liga;Villarreal
Liga Tcheca;Republica Tcheca;Masculino;Česká Liga;Viktoria Plzeň
Liga Tcheca;Republica Tcheca;Masculino;First League;Viktoria Plzeň
3 Liga;Alemanha;Masculino;3. Liga;Viktoria Köln
Eliteserien;Noruega;Masculino;Eliteserien;Viking FK
Eliteserien;Noruega;Masculino;Eliteserien;Viking
Superliga;Dinamarca;Masculino;3F Superliga;Viborg FF
Superliga;Dinamarca;Masculino;Superliga;Viborg
Bundesliga;Alemanha;Masculino;Bundesliga;VfL Wolfsburg
Frauen-Bundesliga;Alemanha;Feminino;GPFBL;VfL Wolfsburg
3 Liga;Alemanha;Masculino;3. Liga;VfL Osnabrück
Bundesliga;Alemanha;Masculino;Bundesliga;VfL Bochum 1848
3 Liga;Alemanha;Masculino;3. Liga;VfB Stuttgart II
Bundesliga;Alemanha;Masculino;Bundesliga;VfB Stuttgart
3 Liga;Alemanha;Masculino;3. Liga;VfB Lübeck
3 Liga;Alemanha;Masculino;3. Liga;Verl
Serie B;Itália;Masculino;Serie B;Venezia
Serie A;Itália;Masculino;Serie A Enilive;Venezia
Liga Profesional de Fútbol;Argentina;Masculino;Primera División;Vélez Sarsfield
Liga Profesional de Fútbol;Argentina;Masculino;Liga Profesional de Fútbol;Vélez Sarsfield
Superliga;Dinamarca;Masculino;3F Superliga;Vejle Boldklub
Superliga;Dinamarca;Masculino;Superliga;Vejle
Allsvenskan;Suecia;Masculino;Allsvenskan;Västerås SK
Allsvenskan;Suecia;Masculino;Allsvenskan;Värnamo
Allsvenskan;Suecia;Masculino;Allsvenskan;Varberg BoIS
MLS;Estados Unidos;Masculino;Major League Soccer;Vancouver Whitecaps
Eliteserien;Noruega;Masculino;Eliteserien;Vålerenga
Ligue 2;França;Masculino;Ligue 2;Valenciennes
La Liga;Espanha;Masculino;LALIGA EA SPORTS;Valencia CF
Liga F;Espanha;Feminino;Liga F;Valencia CF
La Liga;Espanha;Masculino;La Liga;Valencia
NWSL;Estados Unidos;Feminino;NWSL;Utah Royals FC
Liga I;Romenia;Masculino;Liga I;UTA Arad
Liga I;Romenia;Masculino;SUPERLIGA;UTA Arad
Ligue 2;França;Masculino;Ligue 2 BKT;USL Dunkerque
3 Liga;Alemanha;Masculino;3. Liga;Unterhaching
Liga I;Romenia;Masculino;Liga I;Universitatea Craiova
Liga I;Romenia;Masculino;Liga I;Universitatea Cluj
Liga da Bolivia;Bolivia;Masculino;División de Fútbol Profesional;Universitario de Vinto
Libertadores;America do Sul;Masculino;Libertadores;Universitario
Copa Sul-Americana;America do Sul;Masculino;Sudamericana;Universitario
Liga do Chile;Chile;Masculino;Primera Division;Universitario
Liga do Chile;Chile;Masculino;Primera Division;Universidad Católica
Liga do Equador;Equador;Masculino;Liga Pro;Universidad Católica
Liga I;Romenia;Masculino;SUPERLIGA;Univ. Craiova
Liga I;Romenia;Masculino;SUPERLIGA;Unirea Slobozia
Liga Profesional de Fútbol;Argentina;Masculino;Liga Profesional de Fútbol;Unión Santa Fe
Copa Sul-Americana;America do Sul;Masculino;Sudamericana;Unión La Calera
Liga do Chile;Chile;Masculino;Primera Division;Unión La Calera
Bundesliga;Alemanha;Masculino;Bundesliga;Union Berlin
Liga Profesional de Fútbol;Argentina;Masculino;Primera División;Unión
Copa Sul-Americana;America do Sul;Masculino;Sudamericana;Uni. Católica
K League;Coreia do Sul;Masculino;K League 1;Ulsan Hyundai
K League;Coreia do Sul;Masculino;K League 1;Ulsan
3 Liga;Alemanha;Masculino;3. Liga;Ulm
Serie A;Itália;Masculino;Serie A Enilive;Udinese
Serie A;Itália;Masculino;Serie A;Udinese
Liga F;Espanha;Feminino;Liga F;UD Tenerife
La Liga;Espanha;Masculino;LALIGA EA SPORTS;UD Las Palmas
La Liga 2;Espanha;Masculino;LALIGA HYPERMOTION;UD Almería
Copa Sul-Americana;America do Sul;Masculino;Sudamericana;UCV
SSE Airtricity League Premier Division;Irlanda;Masculino;Premier Division;UCD
Copa Sul-Americana;America do Sul;Masculino;Sudamericana;U. Católica
Liga I;Romenia;Masculino;Liga I;U Craiova 1948
Frauen-Bundesliga;Alemanha;Feminino;GPFBL;Turbine Potsdam
Ö. Bundesliga;Austria;Masculino;Ö. Bundesliga;TSV Hartberg
Frauen-Bundesliga;Alemanha;Feminino;GPFBL;TSG Hoffenheim
Bundesliga;Alemanha;Masculino;Bundesliga;TSG Hoffenheim
Ligue 2;França;Masculino;Ligue 2;Troyes
Eliteserien;Noruega;Masculino;Eliteserien;Tromsø IL
Eliteserien;Noruega;Masculino;Eliteserien;Tromsø
EFL League Two;Inglaterra;Masculino;EFL League Two;Tranmere Rovers
EFL League Two;Inglaterra;Masculino;League Two;Tranmere Rovers
Super Lig;Turquia;Masculino;Trendyol Süper Lig;Trabzonspor
Super Lig;Turquia;Masculino;Süper Lig;Trabzonspor
Ligue 1;França;Masculino;Ligue 1 McDonald's;Toulouse FC
Ligue 1;França;Masculino;Ligue 1;Toulouse
Premier League;Inglaterra;Masculino;Premier League;Tottenham Hotspur
MLS;Estados Unidos;Masculino;MLS;Toronto FC
MLS;Estados Unidos;Masculino;Major League Soccer;Toronto
Serie A;Itália;Masculino;Serie A Enilive;Torino
Serie A;Itália;Masculino;Serie A;Torino
Liga Profesional de Fútbol;Argentina;Masculino;Primera División;Tigre
Liga Profesional de Fútbol;Argentina;Masculino;Liga Profesional de Fútbol;Tigre
Chinese Super League;China;Masculino;CSL;Tianjin JMT FC
Liga da Bolivia;Bolivia;Masculino;División de Fútbol Profesional;The Strongest
Libertadores;America do Sul;Masculino;Libertadores;The Strongest
Serie B;Itália;Masculino;Serie B;Ternana
La Liga 2;Espanha;Masculino;La Liga 2;Tenerife
Liga do Equador;Equador;Masculino;Liga Pro;Técnico Universitario
Copa Sul-Americana;America do Sul;Masculino;Sudamericana;Técnico U.
Liga Profesional de Fútbol;Argentina;Masculino;Liga Profesional de Fútbol;Talleres Córdoba
Libertadores;America do Sul;Masculino;Libertadores;Talleres
Chinese Super League;China;Masculino;CSL;SZ Peng City
A-League;Australia;Masculino;A-League Men;Sydney FC
A-League;Australia;Masculino;A-League;Sydney FC
EFL League Two;Inglaterra;Masculino;EFL League Two;Swindon Town
EFL League Two;Inglaterra;Masculino;League Two;Swindon Town
EFL Championship;Inglaterra;Masculino;Championship;Swansea City
EFL Championship;Inglaterra;Masculino;EFL Championship;Swansea City
Frauen-Bundesliga;Alemanha;Feminino;GPFBL;SV Werder Bremen
Bundesliga;Alemanha;Masculino;Bundesliga;SV Werder Bremen
3 Liga;Alemanha;Masculino;3. Liga;SV Waldhof
3 Liga;Alemanha;Masculino;3. Liga;SV Sandhausen
Bundesliga 2;Alemanha;Masculino;Bundesliga 2;SV Elversberg
Bundesliga 2;Alemanha;Masculino;Bundesliga 2;SV Darmstadt 98
K League;Coreia do Sul;Masculino;K League 1;Suwon FC
K League;Coreia do Sul;Masculino;K League 1;Suwon Bluewings
K League;Coreia do Sul;Masculino;K League 1;Suwon
EFL League Two;Inglaterra;Masculino;League Two;Sutton United
EFL Championship;Inglaterra;Masculino;EFL Championship;Sunderland
EFL Championship;Inglaterra;Masculino;Championship;Sunderland
Serie B;Itália;Masculino;Serie BKT;Südtirol
Serie B;Itália;Masculino;Serie B;Südtirol
Pro League;Belgica;Masculino;1A Pro League;STVV
Bundesliga;Alemanha;Masculino;Bundesliga;Sturm Graz
Eliteserien;Noruega;Masculino;Eliteserien;Strømsgodset IF
Eliteserien;Noruega;Masculino;Eliteserien;Strømsgodset
Ligue 1;França;Masculino;Ligue 1;Strasbourg
Ligue 1;França;Masculino;Ligue 1 McDonald's;Strasbourg
D1 Arkema;França;Feminino;Arkema PL;Strasbourg
EFL Championship;Inglaterra;Masculino;Championship;Stoke City
EFL Championship;Inglaterra;Masculino;EFL Championship;Stoke City
EFL League Two;Inglaterra;Masculino;League Two;Stockport County
EFL League One;Inglaterra;Masculino;EFL League One;Stockport
EFL League One;Inglaterra;Masculino;League One;Stevenage
EFL League One;Inglaterra;Masculino;EFL League One;Stevenage
Pro League;Belgica;Masculino;1A Pro League;Standard Liège
Ekstraklasa;Polonia;Masculino;Ekstraklasa;Stal Mielec
Ekstraklasa;Polonia;Masculino;PKO BP Ekstraklasa;Stal Mielec
Ligue 1;França;Masculino;Ligue 1 McDonald's;Stade Rennais FC
Ligue 1;França;Masculino;Ligue 1;Stade de Reims
D1 Arkema;França;Feminino;Arkema PL;Stade de Reims
Ligue 1;França;Masculino;Ligue 1 McDonald's;Stade de Reims
Ligue 1;França;Masculino;Ligue 1;Stade Brestois 29
Ligue 1;França;Masculino;Ligue 1 McDonald's;Stade Brestois 29
Eliteserien;Noruega;Masculino;Eliteserien;Stabæk
Bundesliga 2;Alemanha;Masculino;2. Bundesliga;St. Pauli
SSE Airtricity League Premier Division;Irlanda;Masculino;SSE Airtricity PD;St. Pats
Scottish Premiership;Escocia;Masculino;Premiership;St. Mirren
Scottish Premiership;Escocia;Masculino;Scottish Prem;St. Mirren
MLS;Estados Unidos;Masculino;MLS;St. Louis CITY SC
Scottish Premiership;Escocia;Masculino;Scottish Prem;St. Johnstone
Scottish Premiership;Escocia;Masculino;Premiership;St. Johnstone
SSE Airtricity League Premier Division;Irlanda;Masculino;Premier Division;St Patrick's
Bundesliga 2;Alemanha;Masculino;Bundesliga 2;SSV Ulm 1846
Serie A;Itália;Masculino;Serie A Enilive;SSC Napoli
Liga I;Romenia;Masculino;Liga I;SSC Farul
Serie B;Itália;Masculino;Serie BKT;SS Juve Stabia
Bundesliga 2;Alemanha;Masculino;2. Bundesliga;SpVgg Greuther Fürth
Premier League;Inglaterra;Masculino;Premier League;Spurs
Superliga Feminina;Inglaterra;Feminino;Barclays WSL;Spurs
Liga Profesional de Fútbol;Argentina;Masculino;Primera División;Sportivo Trinidense
Liga Profesional de Fútbol;Argentina;Masculino;Primera División;Sportivo Luqueño
Copa Sul-Americana;America do Sul;Masculino;Sudamericana;Sportivo Luqueño
Liga Profesional de Fútbol;Argentina;Masculino;Primera División;Sportivo Ameliano
MLS;Estados Unidos;Masculino;MLS;Sporting KC
MLS;Estados Unidos;Masculino;Major League Soccer;Sporting Kansas City
La Liga 2;Espanha;Masculino;La Liga 2;Sporting Gijón
Liga Portugal;Portugal;Masculino;Liga Portugal;Sporting CP
Liga Portugal;Portugal;Masculino;Primeira Liga;Sporting CP
Liga Portugal;Portugal;Masculino;Primeira Liga;Sporting Braga
Liga do Chile;Chile;Masculino;Primera Division;Sport Huancayo
Copa Sul-Americana;America do Sul;Masculino;Sudamericana;Sport Huancayo
Serie B;Itália;Masculino;Serie BKT;Spezia
Serie B;Itália;Masculino;Serie B;Spezia
Eredivisie;Holanda;Masculino;Eredivisie;Sparta Rotterdam
Liga Tcheca;Republica Tcheca;Masculino;First League;Sparta Praha
Liga Tcheca;Republica Tcheca;Masculino;Česká Liga;Sparta Praha
Pro League;Belgica;Masculino;1A Pro League;Sp. Charleroi
Premier League;Inglaterra;Masculino;Premier League;Southampton
EFL Championship;Inglaterra;Masculino;Championship;Southampton
MLS;Estados Unidos;Masculino;MLS;Sounders FC
Superliga;Dinamarca;Masculino;3F Superliga;Sønderjyske
Ligue 2;França;Masculino;Ligue 2 BKT;SM Caen
SSE Airtricity League Premier Division;Irlanda;Masculino;SSE Airtricity PD;Sligo Rovers
SSE Airtricity League Premier Division;Irlanda;Masculino;Premier Division;Sligo Rovers
Liga Tcheca;Republica Tcheca;Masculino;First League;Slavia Praha
Liga Tcheca;Republica Tcheca;Masculino;Ceska Liga Žen;Slavia Praha
Liga Tcheca;Republica Tcheca;Masculino;Česká Liga;Slavia Praha
Ekstraklasa;Polonia;Masculino;Ekstraklasa;Śląsk Wrocław
Ekstraklasa;Polonia;Masculino;PKO BP Ekstraklasa;Śląsk Wrocław
Liga Portugal;Portugal;Masculino;Liga Portugal;SL Benfica
Liga Portugal Feminina;Portugal;Feminino;Liga Portugal Feminino;SL Benfica
Ö. Bundesliga;Austria;Masculino;Ö. Bundesliga;SK Sturm Graz
Ö. Bundesliga;Austria;Masculino;Ö. Bundesliga;SK Rapid
Eliteserien;Noruega;Masculino;Eliteserien;SK Brann
MLS;Estados Unidos;Masculino;MLS;SJ Earthquakes
Super Lig;Turquia;Masculino;Trendyol Süper Lig;Sivasspor
Super Lig;Turquia;Masculino;Süper Lig;Sivasspor
Allsvenskan;Suecia;Masculino;Allsvenskan;Sirius
Superliga;Dinamarca;Masculino;3F Superliga;Silkeborg IF
Superliga;Dinamarca;Masculino;Superliga;Silkeborg
EFL League One;Inglaterra;Masculino;League One;Shrewsbury Town
EFL League One;Inglaterra;Masculino;EFL League One;Shrewsbury
SSE Airtricity League Premier Division;Irlanda;Masculino;Premier Division;Shelbourne
SSE Airtricity League Premier Division;Irlanda;Masculino;SSE Airtricity PD;Shelbourne
EFL Championship;Inglaterra;Masculino;Championship;Sheffield Wednesday
EFL Championship;Inglaterra;Masculino;EFL Championship;Sheffield Wed
EFL Championship;Inglaterra;Masculino;EFL Championship;Sheffield Utd
Premier League;Inglaterra;Masculino;Premier League;Sheffield United
Chinese Super League;China;Masculino;CSL;Shanghai Shenhua
Chinese Super League;China;Masculino;CSL;Shanghai Port FC
Chinese Super League;China;Masculino;CSL;Shandong Taishan
SSE Airtricity League Premier Division;Irlanda;Masculino;SSE Airtricity PD;Shamrock Rovers
SSE Airtricity League Premier Division;Irlanda;Masculino;Premier Division;Shamrock Rovers
Liga da Ucrania;Ucrania;Masculino;Ukrayina Liha;Shakhtar Donetsk
Premier League;Inglaterra;Masculino;Premier League;Shakhtar Donetsk
Frauen-Bundesliga;Alemanha;Feminino;GPFBL;SGS Essen
Liga F;Espanha;Feminino;Liga F;Sevilla FC
La Liga;Espanha;Masculino;LALIGA EA SPORTS;Sevilla FC
La Liga;Espanha;Masculino;La Liga;Sevilla
Superliga;Suiça;Masculino;CSSL;Servette FC
Liga I;Romenia;Masculino;SUPERLIGA;Sepsi OSK
Liga I;Romenia;Masculino;Liga I;Sepsi
K League;Coreia do Sul;Masculino;K League 1;Seoul
MLS;Estados Unidos;Masculino;Major League Soccer;Seattle Sounders
NWSL;Estados Unidos;Feminino;NWSL;Seattle Reign
La Liga 2;Espanha;Masculino;LALIGA HYPERMOTION;SD Huesca
Liga F;Espanha;Feminino;Liga F;SD Eibar
La Liga 2;Espanha;Masculino;La Liga 2;SD Eibar
La Liga 2;Espanha;Masculino;LALIGA HYPERMOTION;SD Eibar
Ö. Bundesliga;Austria;Masculino;Ö. Bundesliga;SCR Altach
Bundesliga 2;Alemanha;Masculino;2. Bundesliga;Schalke 04
3 Liga;Alemanha;Masculino;3. Liga;SC Verl
Bundesliga 2;Alemanha;Masculino;Bundesliga 2;SC Paderborn 07
Liga I;Romenia;Masculino;SUPERLIGA;SC Oțelul Galați
Eredivisie;Holanda;Masculino;Eredivisie;SC Heerenveen
Eredivisie;Holanda;Masculino;Eredivisie;sc Heerenveen
Bundesliga;Alemanha;Masculino;Bundesliga;SC Freiburg
Frauen-Bundesliga;Alemanha;Feminino;GPFBL;SC Freiburg
Liga Portugal;Portugal;Masculino;Liga Portugal;SC Braga
Ligue 2;França;Masculino;Ligue 2 BKT;SC Bastia
Serie A;Itália;Masculino;Serie A;Sassuolo
Serie B;Itália;Masculino;Serie BKT;Sassuolo
Eliteserien;Noruega;Masculino;Eliteserien;Sarpsborg 08
Liga Profesional de Fútbol;Argentina;Masculino;Primera División;Sarmiento
Liga Profesional de Fútbol;Argentina;Masculino;Liga Profesional de Fútbol;Sarmiento
Brasileirao;Brasil;Masculino;Série A;São Paulo
Liga Portugal;Portugal;Masculino;Liga Portugal;Santa Clara
3 Liga;Alemanha;Masculino;3. Liga;Sandhausen
Eliteserien;Noruega;Masculino;Eliteserien;Sandefjord
Libertadores;America do Sul;Masculino;Libertadores;San Lorenzo
Liga Profesional de Fútbol;Argentina;Masculino;Liga Profesional de Fútbol;San Lorenzo
MLS;Estados Unidos;Masculino;Major League Soccer;San Jose Earthquakes
NWSL;Estados Unidos;Feminino;NWSL;San Diego Wave
Super Lig;Turquia;Masculino;Trendyol Süper Lig;Samsunspor
Super Lig;Turquia;Masculino;Süper Lig;Samsunspor
Serie B;Itália;Masculino;Serie B;Sampdoria
Serie B;Itália;Masculino;Serie BKT;Sampdoria
Bundesliga;Alemanha;Masculino;Bundesliga;Salzburg
EFL League Two;Inglaterra;Masculino;League Two;Salford City
EFL League Two;Inglaterra;Masculino;EFL League Two;Salford City
Serie B;Itália;Masculino;Serie BKT;Salernitana
Serie A;Itália;Masculino;Serie A;Salernitana
Ligue 2;França;Masculino;Ligue 2;Saint-Étienne
MLS;Estados Unidos;Masculino;Major League Soccer;Saint Louis City
3 Liga;Alemanha;Masculino;3. Liga;Saarbrücken
Copa Sul-Americana;America do Sul;Masculino;Sudamericana;S. Trinidense
Copa Sul-Americana;America do Sul;Masculino;Sudamericana;S. Ameliano
Ekstraklasa;Polonia;Masculino;Ekstraklasa;Ruch Chorzów
Pro League;Belgica;Masculino;1A Pro League;RSC Anderlecht
Pro League;Belgica;Masculino;1A Pro League;Royal Antwerp FC
3 Liga;Alemanha;Masculino;3. Liga;Rot-Weiss Essen
EFL League One;Inglaterra;Masculino;EFL League One;Rotherham Utd
EFL Championship;Inglaterra;Masculino;Championship;Rotherham United
Scottish Premiership;Escocia;Masculino;Scottish Prem;Ross County
Scottish Premiership;Escocia;Masculino;Premiership;Ross County
Eliteserien;Noruega;Masculino;Eliteserien;Rosenborg BK
Eliteserien;Noruega;Masculino;Eliteserien;Rosenborg
Liga Profesional de Fútbol;Argentina;Masculino;Liga Profesional de Fútbol;Rosario Central
Libertadores;America do Sul;Masculino;Libertadores;Rosario Central
Chinese Super League;China;Masculino;CSL;Rongcheng FC
Serie A;Itália;Masculino;Serie A;Roma
Série A Feminina;Itália;Feminino;Calcio A Femminile;Roma
Ligue 2;França;Masculino;Ligue 2 BKT;Rodez AF
Ligue 2;França;Masculino;Ligue 2;Rodez
Eredivisie;Holanda;Masculino;Eredivisie;RKC Waalwijk
Super Lig;Turquia;Masculino;Süper Lig;Rizespor
Liga Profesional de Fútbol;Argentina;Masculino;Liga Profesional de Fútbol;River Plate
Libertadores;America do Sul;Masculino;Libertadores;River Plate
Liga Portugal;Portugal;Masculino;Liga Portugal;Rio Ave FC
Liga Portugal;Portugal;Masculino;Primeira Liga;Rio Ave
Bundesliga;Alemanha;Masculino;Bundesliga;Rheindorf Altach
Ligue 1;França;Masculino;Ligue 1;Rennes
Serie B;Itália;Masculino;Serie B;Reggiana
Serie B;Itália;Masculino;Serie BKT;Reggiana
Ligue 2;França;Masculino;Ligue 2 BKT;Red Star FC
MLS;Estados Unidos;Masculino;MLS;Red Bulls
La Liga 2;Espanha;Masculino;La Liga 2;Real Zaragoza
La Liga 2;Espanha;Masculino;LALIGA HYPERMOTION;Real Zaragoza
La Liga 2;Espanha;Masculino;La Liga 2;Real Valladolid
Copa Sul-Americana;America do Sul;Masculino;Sudamericana;Real Tomayapo
Liga da Bolivia;Bolivia;Masculino;División de Fútbol Profesional;Real Tomayapo
La Liga;Espanha;Masculino;La Liga;Real Sociedad
Liga F;Espanha;Feminino;Liga F;Real Sociedad
La Liga;Espanha;Masculino;LALIGA EA SPORTS;Real Sociedad
MLS;Estados Unidos;Masculino;Major League Soccer;Real Salt Lake
MLS;Estados Unidos;Masculino;MLS;Real Salt Lake
La Liga 2;Espanha;Masculino;La Liga 2;Real Oviedo
Liga F;Espanha;Feminino;Liga F;Real Madrid CF
La Liga;Espanha;Masculino;LALIGA EA SPORTS;Real Madrid
La Liga;Espanha;Masculino;La Liga;Real Madrid
La Liga;Espanha;Masculino;La Liga;Real Betis
La Liga;Espanha;Masculino;LALIGA EA SPORTS;Real Betis
Liga F;Espanha;Feminino;Liga F;Real Betis
EFL League One;Inglaterra;Masculino;EFL League One;Reading
EFL League One;Inglaterra;Masculino;League One;Reading
La Liga;Espanha;Masculino;LALIGA EA SPORTS;RCD Mallorca
Liga F;Espanha;Feminino;Liga F;RCD Espanyol
La Liga;Espanha;Masculino;LALIGA EA SPORTS;RCD Espanyol
Ligue 1;França;Masculino;Ligue 1 McDonald's;RC Lens
La Liga 2;Espanha;Masculino;LALIGA HYPERMOTION;RC Deportivo
Liga F;Espanha;Feminino;Liga F;RC Deportivo
La Liga;Espanha;Masculino;LALIGA EA SPORTS;RC Celta
Ö. Bundesliga;Austria;Masculino;Ö. Bundesliga;RB Salzburg
Bundesliga;Alemanha;Masculino;Bundesliga;RB Leipzig
Frauen-Bundesliga;Alemanha;Feminino;GPFBL;RB Leipzig
Liga do Chile;Chile;Masculino;Primera Division;Rayo Zuliano
Copa Sul-Americana;America do Sul;Masculino;Sudamericana;Rayo Zuliano
La Liga;Espanha;Masculino;LALIGA EA SPORTS;Rayo Vallecano
La Liga;Espanha;Masculino;La Liga;Rayo Vallecano
Bundesliga;Alemanha;Masculino;Bundesliga;Rapid Wien
Liga I;Romenia;Masculino;Liga I;Rapid Bucuresti
Scottish Premiership;Escocia;Masculino;Premiership;Rangers
Scottish Premiership;Escocia;Masculino;Scottish Prem;Rangers
Superliga;Dinamarca;Masculino;3F Superliga;Randers FC
Superliga;Dinamarca;Masculino;Superliga;Randers
Ekstraklasa;Polonia;Masculino;Ekstraklasa;Raków Częstochowa
Ekstraklasa;Polonia;Masculino;PKO BP Ekstraklasa;Raków
Ekstraklasa;Polonia;Masculino;PKO BP Ekstraklasa;Radomiak Radom
Ekstraklasa;Polonia;Masculino;Ekstraklasa;Radomiak Radom
La Liga 2;Espanha;Masculino;La Liga 2;Racing Santander
La Liga 2;Espanha;Masculino;La Liga 2;Racing Ferrol
La Liga 2;Espanha;Masculino;LALIGA HYPERMOTION;Racing de Ferrol
Liga Profesional de Fútbol;Argentina;Masculino;Liga Profesional de Fútbol;Racing Club
Copa Sul-Americana;America do Sul;Masculino;Sudamericana;Racing Club
Liga Profesional de Fútbol;Argentina;Masculino;Primera División;Racing
NWSL;Estados Unidos;Feminino;NWSL;Rac. Louisville
La Liga;Espanha;Masculino;LALIGA EA SPORTS;R. Valladolid CF
Pro League;Belgica;Masculino;1A Pro League;R. Union St.-G.
La Liga 2;Espanha;Masculino;LALIGA HYPERMOTION;R. Sporting
La Liga 2;Espanha;Masculino;LALIGA HYPERMOTION;R. Racing Club
La Liga 2;Espanha;Masculino;LALIGA HYPERMOTION;R. Oviedo
Ligue 2;França;Masculino;Ligue 2;Quevilly Rouen
EFL Championship;Inglaterra;Masculino;Championship;Queens Park Rangers
EFL Championship;Inglaterra;Masculino;EFL Championship;QPR
Chinese Super League;China;Masculino;CSL;Qingdao W. Coast
Chinese Super League;China;Masculino;CSL;Qingdao Hainiu
Liga do Azerbaijao;Azerbaijao;Masculino;Liga Azerbaijan;Qarabağ FK
Ekstraklasa;Polonia;Masculino;Ekstraklasa;Puszcza Niepołomice
Ekstraklasa;Polonia;Masculino;PKO BP Ekstraklasa;Puszcza
Hero Indian Super Legue;India;Masculino;ISL;Punjab FC
Eredivisie;Holanda;Masculino;Eredivisie;PSV
Bundesliga 2;Alemanha;Masculino;Bundesliga 2;Preußen Münster
3 Liga;Alemanha;Masculino;3. Liga;Preußen Münster
EFL Championship;Inglaterra;Masculino;Championship;Preston North End
EFL Championship;Inglaterra;Masculino;EFL Championship;Preston
EFL League One;Inglaterra;Masculino;League One;Portsmouth
EFL Championship;Inglaterra;Masculino;EFL Championship;Portsmouth
Liga Portugal;Portugal;Masculino;Primeira Liga;Porto
MLS;Estados Unidos;Masculino;Major League Soccer;Portland Timbers
MLS;Estados Unidos;Masculino;MLS;Portland Timbers
NWSL;Estados Unidos;Feminino;NWSL;Portland Thorns
Liga Portugal;Portugal;Masculino;Primeira Liga;Portimonense
EFL League Two;Inglaterra;Masculino;EFL League Two;Port Vale
EFL League One;Inglaterra;Masculino;League One;Port Vale
Liga I;Romenia;Masculino;SUPERLIGA;Politehnica Iași
K League;Coreia do Sul;Masculino;K League 1;Pohang Steelers
Ekstraklasa;Polonia;Masculino;PKO BP Ekstraklasa;Pogoń Szczecin
Ekstraklasa;Polonia;Masculino;Ekstraklasa;Pogoń Szczecin
EFL Championship;Inglaterra;Masculino;EFL Championship;Plymouth Argyle
EFL Championship;Inglaterra;Masculino;Championship;Plymouth Argyle
Liga Profesional de Fútbol;Argentina;Masculino;Primera División;Platense
Liga Profesional de Fútbol;Argentina;Masculino;Liga Profesional de Fútbol;Platense
Serie B;Itália;Masculino;Serie B;Pisa
Serie B;Itália;Masculino;Serie BKT;Pisa
Ekstraklasa;Polonia;Masculino;PKO BP Ekstraklasa;Piast Gliwice
Ekstraklasa;Polonia;Masculino;Ekstraklasa;Piast Gliwice
MLS;Estados Unidos;Masculino;Major League Soccer;Philadelphia Union
MLS;Estados Unidos;Masculino;MLS;Philadelphia
Liga I;Romenia;Masculino;Liga I;Petrolul 52
EFL League One;Inglaterra;Masculino;League One;Peterborough United
EFL League One;Inglaterra;Masculino;EFL League One;Peterborough
A-League;Australia;Masculino;A-League Men;Perth Glory
A-League;Australia;Masculino;A-League;Perth Glory
Super Lig;Turquia;Masculino;Süper Lig;Pendikspor
Liga Profesional de Fútbol;Argentina;Masculino;Primera División;Peñarol
Libertadores;America do Sul;Masculino;Libertadores;Peñarol
Eredivisie;Holanda;Masculino;Eredivisie;PEC Zwolle
Ligue 2;França;Masculino;Ligue 2 BKT;Pau FC
Ligue 2;França;Masculino;Ligue 2;Pau
Serie B;Itália;Masculino;Serie B;Parma
Serie A;Itália;Masculino;Serie A Enilive;Parma
D1 Arkema;França;Feminino;Arkema PL;Paris SG
Ligue 1;França;Masculino;Ligue 1 McDonald's;Paris SG
Ligue 1;França;Masculino;Ligue 1;Paris Saint Germain
Ligue 2;França;Masculino;Ligue 2 BKT;Paris FC
D1 Arkema;França;Feminino;Arkema PL;Paris FC
Ligue 2;França;Masculino;Ligue 2;Paris
Liga da Grecia;Grecia;Masculino;Hellas Liga;PAOK FC
Liga da Grecia;Grecia;Masculino;Hellas Liga;Panathinaikos
Brasileirao;Brasil;Masculino;Série A;Palmeiras
Libertadores;America do Sul;Masculino;Libertadores;Palestino
Liga do Chile;Chile;Masculino;Primera Division;Palestino
Serie B;Itália;Masculino;Serie B;Palermo
Serie B;Itália;Masculino;Serie BKT;Palermo
Bundesliga 2;Alemanha;Masculino;2. Bundesliga;Paderborn
EFL League One;Inglaterra;Masculino;League One;Oxford United
EFL Championship;Inglaterra;Masculino;EFL Championship;Oxford United
Liga I;Romenia;Masculino;Liga I;Oțelul Galați
Bundesliga 2;Alemanha;Masculino;2. Bundesliga;Osnabrück
La Liga;Espanha;Masculino;La Liga;Osasuna
NWSL;Estados Unidos;Feminino;NWSL;Orlando Pride
MLS;Estados Unidos;Masculino;MLS;Orlando City
MLS;Estados Unidos;Masculino;Major League Soccer;Orlando City
Ligue 1;França;Masculino;Ligue 1 McDonald's;OM
Ligue 1;França;Masculino;Ligue 1;Olympique Lyonnais
Ligue 1;França;Masculino;Ligue 1;Olympique de Marseille
Liga da Grecia;Grecia;Masculino;Hellas Liga;Olympiacos FC
Copa Sul-Americana;America do Sul;Masculino;Sudamericana;Olimpia
Liga Profesional de Fútbol;Argentina;Masculino;Primera División;Olimpia
Ligue 1;França;Masculino;Ligue 1 McDonald's;OL
D1 Arkema;França;Feminino;Arkema PL;OL
Pro League;Belgica;Masculino;1A Pro League;OH Leuven
Ligue 1;França;Masculino;Ligue 1 McDonald's;OGC Nice
Hero Indian Super Legue;India;Masculino;ISL;Odisha FC
Eliteserien;Noruega;Masculino;Eliteserien;Odds BK
Eliteserien;Noruega;Masculino;Eliteserien;Odd
Superliga;Dinamarca;Masculino;Superliga;OB
Bundesliga 2;Alemanha;Masculino;2. Bundesliga;Nürnberg
EFL League Two;Inglaterra;Masculino;League Two;Notts County
EFL League Two;Inglaterra;Masculino;EFL League Two;Notts County
Premier League;Inglaterra;Masculino;Premier League;Nott'm Forest
Premier League;Inglaterra;Masculino;Premier League;Nottingham Forest
EFL Championship;Inglaterra;Masculino;Championship;Norwich City
EFL Championship;Inglaterra;Masculino;EFL Championship;Norwich
Hero Indian Super Legue;India;Masculino;ISL;NorthEast United
EFL League One;Inglaterra;Masculino;League One;Northampton Town
EFL League One;Inglaterra;Masculino;EFL League One;Northampton
Allsvenskan;Suecia;Masculino;Allsvenskan;Norrköping
Superliga;Dinamarca;Masculino;Superliga;Nordsjælland
NWSL;Estados Unidos;Feminino;NWSL;NJ/NY Gotham
Ligue 1;França;Masculino;Ligue 1;Nice
EFL League Two;Inglaterra;Masculino;EFL League Two;Newport County
EFL League Two;Inglaterra;Masculino;League Two;Newport County
Liga Profesional de Fútbol;Argentina;Masculino;Liga Profesional de Fútbol;Newell's Old Boys
Liga Profesional de Fútbol;Argentina;Masculino;Primera División;Newell's
Premier League;Inglaterra;Masculino;Premier League;Newcastle Utd
Premier League;Inglaterra;Masculino;Premier League;Newcastle United
A-League;Australia;Masculino;A-League Men;Newcastle Jets
A-League;Australia;Masculino;A-League;Newcastle Jets
MLS;Estados Unidos;Masculino;Major League Soccer;New York RB
MLS;Estados Unidos;Masculino;MLS;New York City FC
MLS;Estados Unidos;Masculino;Major League Soccer;New York City
MLS;Estados Unidos;Masculino;MLS;New England
MLS;Estados Unidos;Masculino;Major League Soccer;New England
Eredivisie;Holanda;Masculino;Eredivisie;NEC
NWSL;Estados Unidos;Feminino;NWSL;NC Courage
MLS;Estados Unidos;Masculino;MLS;Nashville SC
MLS;Estados Unidos;Masculino;Major League Soccer;Nashville SC
Serie A;Itália;Masculino;Serie A;Napoli
Chinese Super League;China;Masculino;CSL;Nantong Zhiyun FC
Ligue 1;França;Masculino;Ligue 1;Nantes
Liga da Bolivia;Bolivia;Masculino;División de Fútbol Profesional;Nacional Potosí
Copa Sul-Americana;America do Sul;Masculino;Sudamericana;Nacional Potosí
Liga Profesional de Fútbol;Argentina;Masculino;Primera División;Nacional Asunción
Libertadores;America do Sul;Masculino;Libertadores;Nacional
Liga Portugal;Portugal;Masculino;Liga Portugal;Nacional
Liga Profesional de Fútbol;Argentina;Masculino;Primera División;Nacional
Eredivisie;Holanda;Masculino;Eredivisie;NAC Breda
Eredivisie;Holanda;Masculino;Eredivisie;N.E.C. Nijmegen
Hero Indian Super Legue;India;Masculino;ISL;Mumbai City FC
3 Liga;Alemanha;Masculino;3. Liga;MSV Duisburg
Ekstraklasa;Polonia;Masculino;PKO BP Ekstraklasa;Motor Lublin
Scottish Premiership;Escocia;Masculino;Scottish Prem;Motherwell
Scottish Premiership;Escocia;Masculino;Premiership;Motherwell
Liga Portugal;Portugal;Masculino;Liga Portugal;Moreirense FC
Liga Portugal;Portugal;Masculino;Primeira Liga;Moreirense
EFL League Two;Inglaterra;Masculino;EFL League Two;Morecambe
EFL League Two;Inglaterra;Masculino;League Two;Morecambe
Serie A;Itália;Masculino;Serie A;Monza
Serie A;Itália;Masculino;Serie A Enilive;Monza
Ligue 1;França;Masculino;Ligue 1;Montpellier
D1 Arkema;França;Feminino;Arkema PL;Montpellier
Ligue 1;França;Masculino;Ligue 1 McDonald's;Montpellier
Ligue 1;França;Masculino;Ligue 1;Monaco
Eliteserien;Noruega;Masculino;Eliteserien;Molde FK
Eliteserien;Noruega;Masculino;Eliteserien;Molde
Hero Indian Super Legue;India;Masculino;ISL;Mohun Bagan SG
Hero Indian Super Legue;India;Masculino;ISL;Mohammedan SC
Serie B;Itália;Masculino;Serie BKT;Modena
Serie B;Itália;Masculino;Serie B;Modena
EFL League Two;Inglaterra;Masculino;EFL League Two;MK Dons
Allsvenskan;Suecia;Masculino;Allsvenskan;Mjällby AIF
La Liga 2;Espanha;Masculino;La Liga 2;Mirandés
MLS;Estados Unidos;Masculino;MLS;Minnesota United
MLS;Estados Unidos;Masculino;Major League Soccer;Minnesota United
EFL League Two;Inglaterra;Masculino;League Two;Milton Keynes Dons
EFL Championship;Inglaterra;Masculino;EFL Championship;Millwall
EFL Championship;Inglaterra;Masculino;Championship;Millwall
Libertadores;America do Sul;Masculino;Libertadores;Millonarios
Liga Colombia;Colombia;Masculino;Categoría Primera A;Millonarios
Serie A;Itália;Masculino;Serie A Enilive;Milano FC
Serie A;Itália;Masculino;Serie A;Milan
Superliga;Dinamarca;Masculino;Superliga;Midtjylland
EFL Championship;Inglaterra;Masculino;Championship;Middlesbrough
EFL Championship;Inglaterra;Masculino;EFL Championship;Middlesbrough
Bundesliga;Alemanha;Masculino;Bundesliga;M'gladbach
Ligue 1;França;Masculino;Ligue 1;Metz
Copa Sul-Americana;America do Sul;Masculino;Sudamericana;Metropolitanos
Liga do Chile;Chile;Masculino;Primera Division;Metropolitanos
A-League;Australia;Masculino;A-League Men;Melbourne Victory
A-League;Australia;Masculino;A-League Men;Melbourne City
A-League;Australia;Masculino;A-League;Melbourne City
A-League;Australia;Masculino;A-League;Melb. Victory
Chinese Super League;China;Masculino;CSL;Meizhou Hakka FC
Serie B;Itália;Masculino;Serie BKT;Mantova
EFL League One;Inglaterra;Masculino;EFL League One;Mansfield Town
EFL League Two;Inglaterra;Masculino;League Two;Mansfield Town
Superliga Feminina;Inglaterra;Feminino;Barclays WSL;Manchester Utd
Premier League;Inglaterra;Masculino;Premier League;Manchester United
Premier League;Inglaterra;Masculino;Premier League;Manchester City
Superliga Feminina;Inglaterra;Feminino;Barclays WSL;Manchester City
Premier League;Inglaterra;Masculino;Premier League;Man Utd
Allsvenskan;Suecia;Masculino;Allsvenskan;Malmö FF
La Liga;Espanha;Masculino;La Liga;Mallorca
La Liga 2;Espanha;Masculino;LALIGA HYPERMOTION;Málaga CF
Bundesliga 2;Alemanha;Masculino;2. Bundesliga;Magdeburg
Liga F;Espanha;Feminino;Liga F;Madrid CFF
A-League;Australia;Masculino;A-League;Macarthur FC
A-League;Australia;Masculino;A-League Men;Macarthur
Superliga;Dinamarca;Masculino;3F Superliga;Lyngby BK
Superliga;Dinamarca;Masculino;Superliga;Lyngby
Premier League;Inglaterra;Masculino;Premier League;Luton Town
EFL Championship;Inglaterra;Masculino;EFL Championship;Luton Town
Ligue 1;França;Masculino;Ligue 1;LOSC Lille
Ligue 1;França;Masculino;Ligue 1 McDonald's;LOSC Lille
MLS;Estados Unidos;Masculino;Major League Soccer;Los Angeles FC
Ligue 1;França;Masculino;Ligue 1;Lorient
Serie A;Itália;Masculino;Serie A Enilive;Lombardia FC
Ekstraklasa;Polonia;Masculino;Ekstraklasa;ŁKS Łódź
Scottish Premiership;Escocia;Masculino;Premiership;Livingston
Liga Profesional de Fútbol;Argentina;Masculino;Primera División;Liverpool
Premier League;Inglaterra;Masculino;Premier League;Liverpool
Libertadores;America do Sul;Masculino;Libertadores;Liverpool
Superliga Feminina;Inglaterra;Feminino;Barclays WSL;Liverpool
EFL League One;Inglaterra;Masculino;League One;Lincoln City
EFL League One;Inglaterra;Masculino;EFL League One;Lincoln City
Eliteserien;Noruega;Masculino;Eliteserien;Lillestrøm SK
Eliteserien;Noruega;Masculino;Eliteserien;Lillestrøm
Liga Profesional de Fútbol;Argentina;Masculino;Primera División;Libertad
Libertadores;America do Sul;Masculino;Libertadores;Libertad
EFL League One;Inglaterra;Masculino;League One;Leyton Orient
EFL League One;Inglaterra;Masculino;EFL League One;Leyton Orient
Bundesliga;Alemanha;Masculino;Bundesliga;Leverkusen
Frauen-Bundesliga;Alemanha;Feminino;GPFBL;Leverkusen
La Liga 2;Espanha;Masculino;LALIGA HYPERMOTION;Levante UD
Liga F;Espanha;Feminino;Liga F;Levante UD
Liga F;Espanha;Feminino;Liga F;Levante Badalona
La Liga 2;Espanha;Masculino;La Liga 2;Levante
Ligue 1;França;Masculino;Ligue 1;Lens
EFL Championship;Inglaterra;Masculino;Championship;Leicester City
Superliga Feminina;Inglaterra;Feminino;Barclays WSL;Leicester City
Premier League;Inglaterra;Masculino;Premier League;Leicester City
Ekstraklasa;Polonia;Masculino;Ekstraklasa;Legia Warszawa
Ekstraklasa;Polonia;Masculino;PKO BP Ekstraklasa;Legia Warszawa
La Liga 2;Espanha;Masculino;La Liga 2;Leganés
EFL Championship;Inglaterra;Masculino;Championship;Leeds United
EFL Championship;Inglaterra;Masculino;EFL Championship;Leeds United
Ekstraklasa;Polonia;Masculino;PKO BP Ekstraklasa;Lechia Gdańsk
Ekstraklasa;Polonia;Masculino;PKO BP Ekstraklasa;Lech Poznań
Ekstraklasa;Polonia;Masculino;Ekstraklasa;Lech Poznań
Serie B;Itália;Masculino;Serie B;Lecco
Serie A;Itália;Masculino;Serie A Enilive;Lecce
Serie A;Itália;Masculino;Serie A;Lecce
Ligue 1;França;Masculino;Ligue 1;Le Havre
Liga do Equador;Equador;Masculino;Liga Pro;LDU Quito
Libertadores;America do Sul;Masculino;Libertadores;LDU Quito
Serie A;Itália;Masculino;Serie A;Lazio
Ligue 2;França;Masculino;Ligue 2 BKT;Laval MFC
Ligue 2;França;Masculino;Ligue 2;Laval
Superliga;Suiça;Masculino;CSSL;Lausanne-Sport
Serie A;Itália;Masculino;Serie A Enilive;Latium
Bundesliga;Alemanha;Masculino;Bundesliga;LASK Linz
Ö. Bundesliga;Austria;Masculino;Ö. Bundesliga;LASK
La Liga;Espanha;Masculino;La Liga;Las Palmas
Liga Profesional de Fútbol;Argentina;Masculino;Liga Profesional de Fútbol;Lanús
Copa Sul-Americana;America do Sul;Masculino;Sudamericana;Lanús
MLS;Estados Unidos;Masculino;MLS;LAFC
MLS;Estados Unidos;Masculino;MLS;LA Galaxy
MLS;Estados Unidos;Masculino;Major League Soccer;LA Galaxy
Pro League;Belgica;Masculino;1A Pro League;KVC Westerlo
Pro League;Belgica;Masculino;1A Pro League;KV Mechelen
Pro League;Belgica;Masculino;1A Pro League;KV Kortrijk
Eliteserien;Noruega;Masculino;Eliteserien;Kristiansund BK
Pro League;Belgica;Masculino;1A Pro League;KRC Genk
Ekstraklasa;Polonia;Masculino;PKO BP Ekstraklasa;Korona Kielce
Ekstraklasa;Polonia;Masculino;Ekstraklasa;Korona Kielce
Super Lig;Turquia;Masculino;Trendyol Süper Lig;Konyaspor
Super Lig;Turquia;Masculino;Süper Lig;Konyaspor
Superliga;Dinamarca;Masculino;Superliga;København
Scottish Premiership;Escocia;Masculino;Premiership;Kilmarnock
Scottish Premiership;Escocia;Masculino;Scottish Prem;Kilmarnock
Eliteserien;Noruega;Masculino;Eliteserien;KFUM-Kameratene
Hero Indian Super Legue;India;Masculino;ISL;Kerala Blasters
NWSL;Estados Unidos;Feminino;NWSL;KC Current
Super Lig;Turquia;Masculino;Trendyol Süper Lig;Kayserispor
Super Lig;Turquia;Masculino;Süper Lig;Kayserispor
Super Lig;Turquia;Masculino;Trendyol Süper Lig;Kasımpaşa
Super Lig;Turquia;Masculino;Süper Lig;Kasımpaşa
Bundesliga 2;Alemanha;Masculino;2. Bundesliga;Karlsruher SC
Bundesliga 2;Alemanha;Masculino;Bundesliga 2;Karlsruher SC
Allsvenskan;Suecia;Masculino;Allsvenskan;Kalmar FF
Bundesliga 2;Alemanha;Masculino;Bundesliga 2;Kaiserslautern
Bundesliga 2;Alemanha;Masculino;2. Bundesliga;Kaiserslautern
Pro League;Belgica;Masculino;1A Pro League;KAA Gent
Pro League;Belgica;Masculino;1A Pro League;K. Beerschot VA
Serie A;Itália;Masculino;Serie A Enilive;Juventus
Série A Feminina;Itália;Feminino;Calcio A Femminile;Juventus
Serie A;Itália;Masculino;Serie A;Juventus
Liga Colombia;Colombia;Masculino;Categoría Primera A;Junior
Libertadores;America do Sul;Masculino;Libertadores;Junior
K League;Coreia do Sul;Masculino;K League 1;Jeonbuk Motors
K League;Coreia do Sul;Masculino;K League 1;Jeonbuk Hyundai
K League;Coreia do Sul;Masculino;K League 1;Jeju United
Hero Indian Super Legue;India;Masculino;ISL;Jamshedpur FC
3 Liga;Alemanha;Masculino;3. Liga;Jahn Regensburg
Bundesliga 2;Alemanha;Masculino;Bundesliga 2;Jahn Regensburg
Ekstraklasa;Polonia;Masculino;Ekstraklasa;Jagiellonia Białystok
Ekstraklasa;Polonia;Masculino;PKO BP Ekstraklasa;Jagiellonia
Super Lig;Turquia;Masculino;Süper Lig;İstanbulspor
Super Lig;Turquia;Masculino;Süper Lig;İstanbul Başakşehir
EFL Championship;Inglaterra;Masculino;Championship;Ipswich Town
Premier League;Inglaterra;Masculino;Premier League;Ipswich
Brasileirao;Brasil;Masculino;Série A;Internacional
MLS;Estados Unidos;Masculino;MLS;Inter Miami CF
MLS;Estados Unidos;Masculino;Major League Soccer;Inter Miami
Serie A;Itália;Masculino;Serie A;Inter
Liga Profesional de Fútbol;Argentina;Masculino;Primera División;Instituto
Liga Profesional de Fútbol;Argentina;Masculino;Liga Profesional de Fútbol;Instituto
3 Liga;Alemanha;Masculino;3. Liga;Ingolstadt
Liga Colombia;Colombia;Masculino;Categoría Primera A;Independiente Medellín
Liga do Equador;Equador;Masculino;Liga Pro;Independiente del Valle
Liga Profesional de Fútbol;Argentina;Masculino;Primera División;Independiente
Liga Profesional de Fútbol;Argentina;Masculino;Liga Profesional de Fútbol;Independiente
Copa Sul-Americana;America do Sul;Masculino;Sudamericana;Indep. Medellín
Liga Profesional de Fútbol;Argentina;Masculino;Primera División;Ind. Rivadavia
K League;Coreia do Sul;Masculino;K League 1;Incheon United
Allsvenskan;Suecia;Masculino;Allsvenskan;IK Sirius
Allsvenskan;Suecia;Masculino;Allsvenskan;IFK Värnamo
Allsvenskan;Suecia;Masculino;Allsvenskan;IFK Norrköping
Allsvenskan;Suecia;Masculino;Allsvenskan;IFK Göteborg
Allsvenskan;Suecia;Masculino;Allsvenskan;IF Elfsborg
Libertadores;America do Sul;Masculino;Libertadores;IDV
Hero Indian Super Legue;India;Masculino;ISL;Hyderabad FC
Superliga;Dinamarca;Masculino;Superliga;Hvidovre
Liga Profesional de Fútbol;Argentina;Masculino;Liga Profesional de Fútbol;Huracán
Liga Profesional de Fútbol;Argentina;Masculino;Primera División;Huracán
EFL Championship;Inglaterra;Masculino;Championship;Hull City
EFL Championship;Inglaterra;Masculino;EFL Championship;Hull City
La Liga 2;Espanha;Masculino;La Liga 2;Huesca
EFL Championship;Inglaterra;Masculino;Championship;Huddersfield Town
EFL League One;Inglaterra;Masculino;EFL League One;Huddersfield
Liga do Chile;Chile;Masculino;Primera Division;Huachipato
Libertadores;America do Sul;Masculino;Libertadores;Huachipato
MLS;Estados Unidos;Masculino;MLS;Houston Dynamo
MLS;Estados Unidos;Masculino;Major League Soccer;Houston Dynamo
NWSL;Estados Unidos;Feminino;NWSL;Houston Dash
Bundesliga;Alemanha;Masculino;Bundesliga;Holstein Kiel
Bundesliga 2;Alemanha;Masculino;2. Bundesliga;Holstein Kiel
Liga da Finlandia;Finlandia;Masculino;Finnliiga;HJK Helsinki
Liga da Finlandia;Finlandia;Masculino;Veikkausliiga;HJK
Scottish Premiership;Escocia;Masculino;Scottish Prem;Hibernian
Scottish Premiership;Escocia;Masculino;Premiership;Hibernian
Bundesliga 2;Alemanha;Masculino;Bundesliga 2;Hertha BSC
Bundesliga 2;Alemanha;Masculino;2. Bundesliga;Hertha BSC
Liga I;Romenia;Masculino;Liga I;Hermannstadt
Eredivisie;Holanda;Masculino;Eredivisie;Heracles Almelo
Chinese Super League;China;Masculino;CSL;Henan FC
Serie A;Itália;Masculino;Serie A;Hellas Verona
Serie A;Itália;Masculino;Serie A Enilive;Hellas Verona
Bundesliga;Alemanha;Masculino;Bundesliga;Heidenheim
Scottish Premiership;Escocia;Masculino;Scottish Prem;Hearts
Scottish Premiership;Escocia;Masculino;Premiership;Hearts
D1 Arkema;França;Feminino;Arkema PL;Havre AC
Ligue 1;França;Masculino;Ligue 1 McDonald's;Havre AC
Eliteserien;Noruega;Masculino;Eliteserien;Haugesund
Super Lig;Turquia;Masculino;Süper Lig;Hatayspor
Super Lig;Turquia;Masculino;Trendyol Süper Lig;Hatayspor
Bundesliga;Alemanha;Masculino;Bundesliga;Hartberg
EFL League Two;Inglaterra;Masculino;League Two;Harrogate Town
EFL League Two;Inglaterra;Masculino;EFL League Two;Harrogate Town
Bundesliga 2;Alemanha;Masculino;2. Bundesliga;Hansa Rostock
3 Liga;Alemanha;Masculino;3. Liga;Hannover 96 II
Bundesliga 2;Alemanha;Masculino;2. Bundesliga;Hannover 96
Bundesliga 2;Alemanha;Masculino;Bundesliga 2;Hannover 96
Allsvenskan;Suecia;Masculino;Allsvenskan;Hammarby IF
Allsvenskan;Suecia;Masculino;Allsvenskan;Hammarby
Eliteserien;Noruega;Masculino;Eliteserien;HamKam Fotball
Eliteserien;Noruega;Masculino;Eliteserien;HamKam
Bundesliga 2;Alemanha;Masculino;2. Bundesliga;Hamburger SV
Bundesliga 2;Alemanha;Masculino;Bundesliga 2;Hamburger SV
Allsvenskan;Suecia;Masculino;Allsvenskan;Halmstads BK
Allsvenskan;Suecia;Masculino;Allsvenskan;Halmstad
3 Liga;Alemanha;Masculino;3. Liga;Hallescher FC
Liga da Croacia;Croacia;Masculino;Hrvatska nogometna liga;Hajduk Split
Liga da Croacia;Croacia;Masculino;Liga Hrvatska;Hajduk Split
Allsvenskan;Suecia;Masculino;Allsvenskan;Häcken
K League;Coreia do Sul;Masculino;K League 1;GwangJu FC
K League;Coreia do Sul;Masculino;K League 1;Gwangju
Ligue 2;França;Masculino;Ligue 2;Guingamp
Copa Sul-Americana;America do Sul;Masculino;Sudamericana;Guaraní
Liga Profesional de Fútbol;Argentina;Masculino;Primera División;Guaraní
EFL League Two;Inglaterra;Masculino;EFL League Two;Grimsby Town
EFL League Two;Inglaterra;Masculino;League Two;Grimsby Town
Ligue 2;França;Masculino;Ligue 2 BKT;Grenoble Foot 38
Ligue 2;França;Masculino;Ligue 2;Grenoble Foot 38
Brasileirao;Brasil;Masculino;Série A;Grêmio
Ö. Bundesliga;Austria;Masculino;Ö. Bundesliga;Grazer AK
La Liga 2;Espanha;Masculino;LALIGA HYPERMOTION;Granada CF
Liga F;Espanha;Feminino;Liga F;Granada CF
La Liga;Espanha;Masculino;La Liga;Granada
Super Lig;Turquia;Masculino;Trendyol Süper Lig;Göztepe
Ekstraklasa;Polonia;Masculino;PKO BP Ekstraklasa;Górnik Zabrze
Ekstraklasa;Polonia;Masculino;Ekstraklasa;Górnik Zabrze
Liga Profesional de Fútbol;Argentina;Masculino;Primera División;Godoy Cruz
Liga Profesional de Fútbol;Argentina;Masculino;Liga Profesional de Fútbol;Godoy Cruz
Eredivisie;Holanda;Masculino;Eredivisie;Go Ahead Eagles
Scottish Women's League;Escocia;Feminino;Scottish Women's League;Glasgow City FC
Ekstraklasa;Polonia;Masculino;PKO BP Ekstraklasa;GKS Katowice
La Liga;Espanha;Masculino;LALIGA EA SPORTS;Girona FC
La Liga;Espanha;Masculino;La Liga;Girona
Liga Profesional de Fútbol;Argentina;Masculino;Liga Profesional de Fútbol;Gimnasia La Plata
Liga Profesional de Fútbol;Argentina;Masculino;Primera División;Gimnasia
K League;Coreia do Sul;Masculino;K League 1;Gimcheon Sangmu
EFL League Two;Inglaterra;Masculino;League Two;Gillingham
EFL League Two;Inglaterra;Masculino;EFL League Two;Gillingham
Liga Portugal;Portugal;Masculino;Liga Portugal;Gil Vicente
Liga Portugal;Portugal;Masculino;Primeira Liga;Gil Vicente
La Liga;Espanha;Masculino;LALIGA EA SPORTS;Getafe CF
La Liga;Espanha;Masculino;La Liga;Getafe
Serie A;Itália;Masculino;Serie A;Genoa
Serie A;Itália;Masculino;Serie A Enilive;Genoa
Superliga;Suiça;Masculino;CSSL;GC Zürich
Super Lig;Turquia;Masculino;Süper Lig;Gaziantep F.K.
Super Lig;Turquia;Masculino;Trendyol Süper Lig;Gaziantep
K League;Coreia do Sul;Masculino;K League 1;Gangwon FC
K League;Coreia do Sul;Masculino;K League 1;Gangwon
SSE Airtricity League Premier Division;Irlanda;Masculino;SSE Airtricity PD;Galway United
Super Lig;Turquia;Masculino;Trendyol Süper Lig;Galatasaray
Super Lig;Turquia;Masculino;Süper Lig;Galatasaray
Allsvenskan;Suecia;Masculino;Allsvenskan;GAIS
Bundesliga 2;Alemanha;Masculino;Bundesliga 2;Fürth
Premier League;Inglaterra;Masculino;Premier League;Fulham
Bundesliga;Alemanha;Masculino;Bundesliga;FSV Mainz 05
Serie B;Itália;Masculino;Serie BKT;Frosinone
Serie A;Itália;Masculino;Serie A;Frosinone
3 Liga;Alemanha;Masculino;3. Liga;Freiburg II
Eliteserien;Noruega;Masculino;Eliteserien;Fredrikstad FK
Frauen-Bundesliga;Alemanha;Feminino;GPFBL;Frankfurt
Bundesliga;Alemanha;Masculino;Bundesliga;Frankfurt
Eredivisie;Holanda;Masculino;Eredivisie;Fortuna Sittard
Bundesliga 2;Alemanha;Masculino;2. Bundesliga;Fortuna Düsseldorf
Brasileirao;Brasil;Masculino;Série A;Fortaleza
EFL League Two;Inglaterra;Masculino;League Two;Forest Green Rovers
Brasileirao;Brasil;Masculino;Série A;Fluminense
EFL League Two;Inglaterra;Masculino;EFL League Two;Fleetwood Town
EFL League One;Inglaterra;Masculino;League One;Fleetwood Town
Brasileirao;Brasil;Masculino;Série A;Flamengo
Eliteserien;Noruega;Masculino;Eliteserien;FK Haugesund
Eliteserien;Noruega;Masculino;Eliteserien;FK Bodø/Glimt
Ö. Bundesliga;Austria;Masculino;Ö. Bundesliga;FK Austria Wien
Serie A;Itália;Masculino;Serie A Enilive;Fiorentina
Eredivisie;Holanda;Masculino;Eredivisie;Feyenoord
Liga da Hungria;Hungria;Masculino;Magyar Liga;Ferencvárosi TC
Liga da Hungria;Hungria;Masculino;Nemzeti Bajnokság I;Ferencváros
Serie B;Itália;Masculino;Serie B;FeralpiSalò
Super Lig;Turquia;Masculino;Süper Lig;Fenerbahçe
Super Lig;Turquia;Masculino;Trendyol Süper Lig;Fenerbahçe
Pro League;Belgica;Masculino;1A Pro League;FCV Dender EH
Liga I;Romenia;Masculino;SUPERLIGA;FCSB
Liga I;Romenia;Masculino;Liga I;FCSB
Superliga;Suiça;Feminino;Schweizer Damen Liga;FC Zürich
Superliga;Suiça;Masculino;CSSL;FC Zürich
Superliga;Suiça;Masculino;CSSL;FC Winterthur
Eredivisie;Holanda;Masculino;Eredivisie;FC Volendam
Eredivisie;Holanda;Masculino;Eredivisie;FC Utrecht
Liga I;Romenia;Masculino;SUPERLIGA;FC Univ. Cluj
Bundesliga;Alemanha;Masculino;Bundesliga;FC Union Berlin
Eredivisie;Holanda;Masculino;Eredivisie;FC Twente
Bundesliga;Alemanha;Masculino;Bundesliga;FC St. Pauli
Superliga;Suiça;Masculino;CSSL;FC St. Gallen
Superliga;Suiça;Masculino;CSSL;FC Sion
K League;Coreia do Sul;Masculino;K League 1;FC Seoul
Bundesliga 2;Alemanha;Masculino;Bundesliga 2;FC Schalke 04
Sverige Liga;Suecia;Feminino;Sverige Liga;FC Rosengård
Liga I;Romenia;Masculino;SUPERLIGA;FC Rapid 1923
Liga Portugal;Portugal;Masculino;Liga Portugal;FC Porto
Liga I;Romenia;Masculino;SUPERLIGA;FC Petrolul
Superliga;Dinamarca;Masculino;3F Superliga;FC Nordsjælland
D1 Arkema;França;Feminino;Arkema PL;FC Nantes
Ligue 1;França;Masculino;Ligue 1 McDonald's;FC Nantes
Superliga;Dinamarca;Masculino;3F Superliga;FC Midtjylland
Ligue 2;França;Masculino;Ligue 2 BKT;FC Metz
Ligue 2;França;Masculino;Ligue 2 BKT;FC Martigues
Superliga;Suiça;Masculino;CSSL;FC Luzern
Superliga;Suiça;Masculino;CSSL;FC Lugano
Ligue 2;França;Masculino;Ligue 2 BKT;FC Lorient
Bundesliga;Alemanha;Masculino;Bundesliga;FC Köln
3 Liga;Alemanha;Masculino;3. Liga;FC Ingolstadt 04
Liga I;Romenia;Masculino;SUPERLIGA;FC Hermannstadt
3 Liga;Alemanha;Masculino;3. Liga;FC Hansa Rostock
Eredivisie;Holanda;Masculino;Eredivisie;FC Groningen
Hero Indian Super Legue;India;Masculino;ISL;FC Goa
Liga I;Romenia;Masculino;SUPERLIGA;FC Gloria Buzău
D1 Arkema;França;Feminino;Arkema PL;FC Fleury 91
Liga Portugal;Portugal;Masculino;Liga Portugal;FC Famalicão
3 Liga;Alemanha;Masculino;3. Liga;FC Erzgebirge Aue
Liga I;Romenia;Masculino;SUPERLIGA;FC Dinamo 1948
MLS;Estados Unidos;Masculino;MLS;FC Dallas
MLS;Estados Unidos;Masculino;MLS;FC Cincinnati
La Liga 2;Espanha;Masculino;LALIGA HYPERMOTION;FC Cartagena
La Liga 2;Espanha;Masculino;La Liga 2;FC Cartagena
Liga I;Romenia;Masculino;SUPERLIGA;FC Botoșani
Frauen-Bundesliga;Alemanha;Feminino;GPFBL;FC Bayern München
Bundesliga;Alemanha;Masculino;Bundesliga;FC Bayern München
Superliga;Suiça;Masculino;CSSL;FC Basel 1893
Liga F;Espanha;Feminino;Liga F;FC Barcelona
La Liga;Espanha;Masculino;LALIGA EA SPORTS;FC Barcelona
La Liga;Espanha;Masculino;La Liga;FC Barcelona
Bundesliga;Alemanha;Masculino;Bundesliga;FC Augsburg
Ligue 2;França;Masculino;Ligue 2 BKT;FC Annecy
La Liga 2;Espanha;Masculino;La Liga 2;FC Andorra
Super Lig;Turquia;Masculino;Süper Lig;Fatih Karagümrük
Liga I;Romenia;Masculino;SUPERLIGA;Farul Constanța
Liga Portugal;Portugal;Masculino;Liga Portugal;Farense
Liga Portugal;Portugal;Masculino;Primeira Liga;Farense
Liga Portugal;Portugal;Masculino;Primeira Liga;Famalicão
Superliga;Dinamarca;Masculino;3F Superliga;F.C. København
Super Lig;Turquia;Masculino;Trendyol Süper Lig;Eyüpspor
EFL League One;Inglaterra;Masculino;League One;Exeter City
EFL League One;Inglaterra;Masculino;EFL League One;Exeter City
Eredivisie;Holanda;Masculino;Eredivisie;Excelsior
Copa Sul-Americana;America do Sul;Masculino;Sudamericana;Everton
Superliga Feminina;Inglaterra;Feminino;Barclays WSL;Everton
Premier League;Inglaterra;Masculino;Premier League;Everton
Liga do Chile;Chile;Masculino;Primera Division;Everton
Saudi Pro League;Arabia Saudita;Masculino;ROSHN Saudi League;Ettifaq FC
Liga Profesional de Fútbol;Argentina;Masculino;Liga Profesional de Fútbol;Estudiantes
Libertadores;America do Sul;Masculino;Libertadores;Estudiantes
Liga Portugal;Portugal;Masculino;Liga Portugal;Estrela Amadora
Liga Portugal;Portugal;Masculino;Primeira Liga;Estrela Amadora
Liga Portugal;Portugal;Masculino;Liga Portugal;Estoril Praia
Liga Portugal;Portugal;Masculino;Primeira Liga;Estoril
Ligue 2;França;Masculino;Ligue 2 BKT;ESTAC Troyes
La Liga 2;Espanha;Masculino;La Liga 2;Espanyol
3 Liga;Alemanha;Masculino;3. Liga;Erzgebirge Aue
3 Liga;Alemanha;Masculino;3. Liga;Energie Cottbus
Ligue 2;França;Masculino;Ligue 2 BKT;En Avant Guingamp
D1 Arkema;França;Feminino;Arkema PL;En Avant Guingamp
Serie A;Itália;Masculino;Serie A Enilive;Empoli
Serie A;Itália;Masculino;Serie A;Empoli
Bundesliga 2;Alemanha;Masculino;2. Bundesliga;Elversberg
Allsvenskan;Suecia;Masculino;Allsvenskan;Elfsborg
La Liga 2;Espanha;Masculino;La Liga 2;Eldense
La Liga 2;Espanha;Masculino;LALIGA HYPERMOTION;Elche CF
La Liga 2;Espanha;Masculino;La Liga 2;Elche
Bundesliga;Alemanha;Masculino;Bundesliga;Eintracht Frankfurt
Bundesliga 2;Alemanha;Masculino;2. Bundesliga;Eintracht Braunschweig
Hero Indian Super Legue;India;Masculino;ISL;East Bengal
Premier League;Inglaterra;Masculino;Premier League;Dynamo Kyiv
Liga da Ucrania;Ucrania;Masculino;Ukrayina Liha;Dynamo Kyiv
3 Liga;Alemanha;Masculino;3. Liga;Dynamo Dresden
Bundesliga 2;Alemanha;Masculino;Bundesliga 2;Düsseldorf
Ligue 2;França;Masculino;Ligue 2;Dunkerque
Scottish Premiership;Escocia;Masculino;Scottish Prem;Dundee United
Scottish Premiership;Escocia;Masculino;Scottish Prem;Dundee FC
Scottish Premiership;Escocia;Masculino;Premiership;Dundee
SSE Airtricity League Premier Division;Irlanda;Masculino;Premier Division;Dundalk
SSE Airtricity League Premier Division;Irlanda;Masculino;SSE Airtricity PD;Dundalk
3 Liga;Alemanha;Masculino;3. Liga;DSC Arminia Bielefeld
SSE Airtricity League Premier Division;Irlanda;Masculino;Premier Division;Drogheda United
SSE Airtricity League Premier Division;Irlanda;Masculino;SSE Airtricity PD;Drogheda United
EFL League Two;Inglaterra;Masculino;League Two;Doncaster Rovers
EFL League Two;Inglaterra;Masculino;EFL League Two;Doncaster
Allsvenskan;Suecia;Masculino;Allsvenskan;Djurgårdens IF
Allsvenskan;Suecia;Masculino;Allsvenskan;Djurgården
Liga da Croacia;Croacia;Masculino;Hrvatska nogometna liga;Dinamo Zagreb
Liga da Croacia;Croacia;Masculino;Liga Hrvatska;Dinamo Zagreb
Liga I;Romenia;Masculino;Liga I;Dinamo Bucureşti
D1 Arkema;França;Feminino;Arkema PL;Dijon FCO
SSE Airtricity League Premier Division;Irlanda;Masculino;Premier Division;Derry City
SSE Airtricity League Premier Division;Irlanda;Masculino;SSE Airtricity PD;Derry City
EFL Championship;Inglaterra;Masculino;EFL Championship;Derby County
EFL League One;Inglaterra;Masculino;League One;Derby County
Liga do Chile;Chile;Masculino;Primera Division;Deportivo Táchira
Liga do Chile;Chile;Masculino;Primera Division;Deportivo La Guaira
Liga do Chile;Chile;Masculino;Primera Division;Deportivo Garcilaso
Liga do Equador;Equador;Masculino;Liga Pro;Deportivo Cuenca
La Liga;Espanha;Masculino;La Liga;Deportivo Alavés
Copa Sul-Americana;America do Sul;Masculino;Sudamericana;Deportes Tolima
Liga Colombia;Colombia;Masculino;Categoría Primera A;Deportes Tolima
Libertadores;America do Sul;Masculino;Libertadores;Dep. Táchira
Liga Profesional de Fútbol;Argentina;Masculino;Primera División;Dep. Riestra
Copa Sul-Americana;America do Sul;Masculino;Sudamericana;Dep. La Guaira
Copa Sul-Americana;America do Sul;Masculino;Sudamericana;Dep. Garcilaso
Copa Sul-Americana;America do Sul;Masculino;Sudamericana;Dep. Cuenca
Copa Sul-Americana;America do Sul;Masculino;Sudamericana;Delfín SC
Liga do Equador;Equador;Masculino;Liga Pro;Delfin
Allsvenskan;Suecia;Masculino;Allsvenskan;Degerfors
Liga Profesional de Fútbol;Argentina;Masculino;Liga Profesional de Fútbol;Defensa y Justicia
Copa Sul-Americana;America do Sul;Masculino;Sudamericana;Defensa
MLS;Estados Unidos;Masculino;Major League Soccer;DC United
Bundesliga;Alemanha;Masculino;Bundesliga;Darmstadt 98
Liga Profesional de Fútbol;Argentina;Masculino;Primera División;Danubio
Copa Sul-Americana;America do Sul;Masculino;Sudamericana;Danubio
Saudi Pro League;Arabia Saudita;Masculino;ROSHN Saudi League;Damac FC
MLS;Estados Unidos;Masculino;Major League Soccer;Dallas
K League;Coreia do Sul;Masculino;K League 1;Daejeon Citizen
K League;Coreia do Sul;Masculino;K League 1;Daejeon
K League;Coreia do Sul;Masculino;K League 1;Daegu FC
K League;Coreia do Sul;Masculino;K League 1;Daegu
MLS;Estados Unidos;Masculino;MLS;D.C. United
La Liga;Espanha;Masculino;LALIGA EA SPORTS;D. Alavés
Brasileirao;Brasil;Masculino;Série A;Cuiabá
Liga I;Romenia;Masculino;Liga I;CSM Politehnica Iași
Premier League;Inglaterra;Masculino;Premier League;Crystal Palace
Superliga Feminina;Inglaterra;Feminino;Barclays WSL;Crystal Palace
Brasileirao;Brasil;Masculino;Série A;Cruzeiro
EFL League Two;Inglaterra;Masculino;League Two;Crewe Alexandra
EFL League Two;Inglaterra;Masculino;EFL League Two;Crewe Alexandra
Serie B;Itália;Masculino;Serie B;Cremonese
Serie B;Itália;Masculino;Serie BKT;Cremonese
EFL League One;Inglaterra;Masculino;EFL League One;Crawley Town
EFL League Two;Inglaterra;Masculino;League Two;Crawley Town
Ekstraklasa;Polonia;Masculino;Ekstraklasa;Cracovia Kraków
Ekstraklasa;Polonia;Masculino;PKO BP Ekstraklasa;Cracovia
EFL Championship;Inglaterra;Masculino;EFL Championship;Coventry City
EFL Championship;Inglaterra;Masculino;Championship;Coventry City
Serie B;Itália;Masculino;Serie BKT;Cosenza
Serie B;Itália;Masculino;Serie B;Cosenza
SSE Airtricity League Premier Division;Irlanda;Masculino;Premier Division;Cork City
Brasileirao;Brasil;Masculino;Série A;Corinthians
La Liga 2;Espanha;Masculino;LALIGA HYPERMOTION;Córdoba CF
Liga do Chile;Chile;Masculino;Primera Division;Coquimbo Unido
Copa Sul-Americana;America do Sul;Masculino;Sudamericana;Coquimbo Unido
Ligue 2;França;Masculino;Ligue 2;Concarneau
Serie B;Itália;Masculino;Serie B;Como
Serie A;Itália;Masculino;Serie A Enilive;Como
MLS;Estados Unidos;Masculino;Major League Soccer;Columbus Crew
MLS;Estados Unidos;Masculino;MLS;Columbus Crew
MLS;Estados Unidos;Masculino;Major League Soccer;Colorado Rapids
MLS;Estados Unidos;Masculino;MLS;Colorado Rapids
Liga Profesional de Fútbol;Argentina;Masculino;Liga Profesional de Fútbol;Colón
Libertadores;America do Sul;Masculino;Libertadores;Colo-Colo
Liga do Chile;Chile;Masculino;Primera Division;Colo-Colo
EFL League Two;Inglaterra;Masculino;League Two;Colchester United
EFL League Two;Inglaterra;Masculino;EFL League Two;Colchester
Libertadores;America do Sul;Masculino;Libertadores;Cobresal
Liga do Chile;Chile;Masculino;Primera Division;Cobresal
Copa Sul-Americana;America do Sul;Masculino;Sudamericana;Club Nacional
Pro League;Belgica;Masculino;1A Pro League;Club Brugge
Ligue 2;França;Masculino;Ligue 2 BKT;Clermont Foot 63
Ligue 1;França;Masculino;Ligue 1;Clermont
Serie B;Itália;Masculino;Serie B;Cittadella
Serie B;Itália;Masculino;Serie BKT;Cittadella
MLS;Estados Unidos;Masculino;Major League Soccer;Cincinnati
NWSL;Estados Unidos;Feminino;NWSL;Chicago Red Stars
MLS;Estados Unidos;Masculino;MLS;Chicago Fire FC
MLS;Estados Unidos;Masculino;Major League Soccer;Chicago Fire
EFL League Two;Inglaterra;Masculino;EFL League Two;Chesterfield
Hero Indian Super Legue;India;Masculino;ISL;Chennaiyin FC
EFL League Two;Inglaterra;Masculino;EFL League Two;Cheltenham Town
EFL League One;Inglaterra;Masculino;League One;Cheltenham Town
Superliga Feminina;Inglaterra;Feminino;Barclays WSL;Chelsea
Premier League;Inglaterra;Masculino;Premier League;Chelsea
Liga Portugal;Portugal;Masculino;Primeira Liga;Chaves
EFL League One;Inglaterra;Masculino;League One;Charlton Athletic
EFL League One;Inglaterra;Masculino;EFL League One;Charlton Ath
MLS;Estados Unidos;Masculino;MLS;Charlotte FC
MLS;Estados Unidos;Masculino;Major League Soccer;Charlotte
Chinese Super League;China;Masculino;CSL;Changchun Yatai
Liga I;Romenia;Masculino;Liga I;CFR Cluj
Liga I;Romenia;Masculino;SUPERLIGA;CFR 1907 Cluj
MLS;Estados Unidos;Masculino;MLS;CF Montréal
MLS;Estados Unidos;Masculino;Major League Soccer;CF Montréal
Serie B;Itália;Masculino;Serie BKT;Cesena
Liga do Chile;Chile;Masculino;Primera Division;César Vallejo
Libertadores;America do Sul;Masculino;Libertadores;Cerro Porteño
Liga Profesional de Fútbol;Argentina;Masculino;Primera División;Cerro Porteño
Liga Profesional de Fútbol;Argentina;Masculino;Primera División;Cerro Largo
Copa Sul-Americana;America do Sul;Masculino;Sudamericana;Cerro Largo
Pro League;Belgica;Masculino;1A Pro League;Cercle Brugge
Liga Profesional de Fútbol;Argentina;Masculino;Liga Profesional de Fútbol;Central Cordoba SdE
Liga Profesional de Fútbol;Argentina;Masculino;Primera División;Central Córdoba
A-League;Australia;Masculino;A-League Men;Central Coast Mariners
A-League;Australia;Masculino;A-League;Central Coast
Scottish Premiership;Escocia;Masculino;Premiership;Celtic
Scottish Premiership;Escocia;Masculino;Scottish Prem;Celtic
La Liga;Espanha;Masculino;La Liga;Celta de Vigo
La Liga 2;Espanha;Masculino;LALIGA HYPERMOTION;CD Tenerife
La Liga 2;Espanha;Masculino;LALIGA HYPERMOTION;CD Mirandés
La Liga;Espanha;Masculino;LALIGA EA SPORTS;CD Leganés
La Liga 2;Espanha;Masculino;LALIGA HYPERMOTION;CD Eldense
La Liga 2;Espanha;Masculino;LALIGA HYPERMOTION;CD Castellón
Super Lig;Turquia;Masculino;Trendyol Süper Lig;Çaykur Rizespor
Serie B;Itália;Masculino;Serie B;Catanzaro
Serie B;Itália;Masculino;Serie BKT;Catanzaro
Liga Portugal;Portugal;Masculino;Liga Portugal;Casa Pia AC
Liga Portugal;Portugal;Masculino;Primeira Liga;Casa Pia
Serie B;Itália;Masculino;Serie BKT;Carrarese Calcio
EFL League Two;Inglaterra;Masculino;EFL League Two;Carlisle United
EFL League One;Inglaterra;Masculino;League One;Carlisle United
Frauen-Bundesliga;Alemanha;Feminino;GPFBL;Carl Zeiss Jena
EFL Championship;Inglaterra;Masculino;EFL Championship;Cardiff City
EFL Championship;Inglaterra;Masculino;Championship;Cardiff City
Libertadores;America do Sul;Masculino;Libertadores;Caracas FC
Liga do Chile;Chile;Masculino;Primera Division;Caracas
Copa Sul-Americana;America do Sul;Masculino;Sudamericana;Carabobo FC
Liga do Chile;Chile;Masculino;Primera Division;Carabobo
Chinese Super League;China;Masculino;CSL;Cangzhou FC
EFL League One;Inglaterra;Masculino;EFL League One;Cambridge Utd
EFL League One;Inglaterra;Masculino;League One;Cambridge United
Serie A;Itália;Masculino;Serie A Enilive;Cagliari
Serie A;Itália;Masculino;Serie A;Cagliari
Ligue 2;França;Masculino;Ligue 2;Caen
La Liga 2;Espanha;Masculino;LALIGA HYPERMOTION;Cádiz CF
La Liga;Espanha;Masculino;La Liga;Cádiz
La Liga;Espanha;Masculino;LALIGA EA SPORTS;CA Osasuna
EFL League One;Inglaterra;Masculino;League One;Burton Albion
EFL League One;Inglaterra;Masculino;EFL League One;Burton Albion
Premier League;Inglaterra;Masculino;Premier League;Burnley
EFL Championship;Inglaterra;Masculino;EFL Championship;Burnley
La Liga 2;Espanha;Masculino;LALIGA HYPERMOTION;Burgos CF
La Liga 2;Espanha;Masculino;La Liga 2;Burgos
Superliga;Suiça;Masculino;CSSL;BSC Young Boys
Superliga;Dinamarca;Masculino;3F Superliga;Brøndby IF
Superliga;Dinamarca;Masculino;Superliga;Brøndby
Allsvenskan;Suecia;Masculino;Allsvenskan;Brommapojkarna
EFL League Two;Inglaterra;Masculino;EFL League Two;Bromley FC
EFL League One;Inglaterra;Masculino;EFL League One;Bristol Rovers
EFL League One;Inglaterra;Masculino;League One;Bristol Rovers
EFL Championship;Inglaterra;Masculino;EFL Championship;Bristol City
EFL Championship;Inglaterra;Masculino;Championship;Bristol City
A-League;Australia;Masculino;A-League Men;Brisbane Roar
A-League;Australia;Masculino;A-League;Brisbane Roar
Premier League;Inglaterra;Masculino;Premier League;Brighton & Hove Albion
Superliga Feminina;Inglaterra;Feminino;Barclays WSL;Brighton
Premier League;Inglaterra;Masculino;Premier League;Brighton
Serie B;Itália;Masculino;Serie B;Brescia
Serie B;Itália;Masculino;Serie BKT;Brescia
Premier League;Inglaterra;Masculino;Premier League;Brentford
Bundesliga 2;Alemanha;Masculino;Bundesliga 2;Braunschweig
Eliteserien;Noruega;Masculino;Eliteserien;Brann
Brasileirao;Brasil;Masculino;Série A;Bragantino
EFL League Two;Inglaterra;Masculino;League Two;Bradford City
EFL League Two;Inglaterra;Masculino;EFL League Two;Bradford City
Liga I;Romenia;Masculino;Liga I;Botoşani
Brasileirao;Brasil;Masculino;Série A;Botafogo
Bundesliga;Alemanha;Masculino;Bundesliga;Borussia Mönchengladbach
3 Liga;Alemanha;Masculino;3. Liga;Borussia Dortmund II
Bundesliga;Alemanha;Masculino;Bundesliga;Borussia Dortmund
Ligue 2;França;Masculino;Ligue 2;Bordeaux
EFL League One;Inglaterra;Masculino;League One;Bolton Wanderers
EFL League One;Inglaterra;Masculino;EFL League One;Bolton
Serie A;Itália;Masculino;Serie A;Bologna
Serie A;Itália;Masculino;Serie A Enilive;Bologna
Liga da Bolivia;Bolivia;Masculino;División de Fútbol Profesional;Bolívar
Libertadores;America do Sul;Masculino;Libertadores;Bolívar
SSE Airtricity League Premier Division;Irlanda;Masculino;Premier Division;Bohemians
SSE Airtricity League Premier Division;Irlanda;Masculino;SSE Airtricity PD;Bohemians
Super Lig;Turquia;Masculino;Trendyol Süper Lig;Bodrum FK
Eliteserien;Noruega;Masculino;Eliteserien;Bodø / Glimt
Copa Sul-Americana;America do Sul;Masculino;Sudamericana;Boca Juniors
Liga Profesional de Fútbol;Argentina;Masculino;Liga Profesional de Fútbol;Boca Juniors
Liga Portugal;Portugal;Masculino;Liga Portugal;Boavista FC
Liga Portugal;Portugal;Masculino;Primeira Liga;Boavista
Bundesliga;Alemanha;Masculino;Bundesliga;Blau-Weiß Linz
Ö. Bundesliga;Austria;Masculino;Ö. Bundesliga;Blau-Weiss Linz
EFL League One;Inglaterra;Masculino;League One;Blackpool
EFL League One;Inglaterra;Masculino;EFL League One;Blackpool
EFL Championship;Inglaterra;Masculino;EFL Championship;Blackburn Rovers
EFL Championship;Inglaterra;Masculino;Championship;Blackburn Rovers
Allsvenskan;Suecia;Masculino;Allsvenskan;BK Häcken
EFL Championship;Inglaterra;Masculino;Championship;Birmingham City
EFL League One;Inglaterra;Masculino;EFL League One;Birmingham City
Super Lig;Turquia;Masculino;Süper Lig;Beşiktaş
Super Lig;Turquia;Masculino;Trendyol Süper Lig;Beşiktaş
Serie A;Itália;Masculino;Serie A Enilive;Bergamo Calcio
Hero Indian Super Legue;India;Masculino;ISL;Bengaluru FC
Liga Portugal;Portugal;Masculino;Primeira Liga;Benfica
Copa Sul-Americana;America do Sul;Masculino;Sudamericana;Belgrano
Liga Profesional de Fútbol;Argentina;Masculino;Liga Profesional de Fútbol;Belgrano
Chinese Super League;China;Masculino;CSL;Beijing FC
Bundesliga;Alemanha;Masculino;Bundesliga;Bayer 04 Leverkusen
NWSL;Estados Unidos;Feminino;NWSL;Bay FC
Ligue 2;França;Masculino;Ligue 2;Bastia
Super Lig;Turquia;Masculino;Trendyol Süper Lig;Başakşehir
EFL League Two;Inglaterra;Masculino;EFL League Two;Barrow
EFL League Two;Inglaterra;Masculino;League Two;Barrow
Liga Profesional de Fútbol;Argentina;Masculino;Primera División;Barracas Central
Liga Profesional de Fútbol;Argentina;Masculino;Liga Profesional de Fútbol;Barracas Central
EFL League One;Inglaterra;Masculino;League One;Barnsley
EFL League One;Inglaterra;Masculino;EFL League One;Barnsley
Serie B;Itália;Masculino;Serie B;Bari 1908
Serie B;Itália;Masculino;Serie BKT;Bari
Libertadores;America do Sul;Masculino;Libertadores;Barcelona SC
Liga do Equador;Equador;Masculino;Liga Pro;Barcelona Guayaquil
Liga Profesional de Fútbol;Argentina;Masculino;Primera División;Banfield
Liga Profesional de Fútbol;Argentina;Masculino;Liga Profesional de Fútbol;Banfield
3 Liga;Alemanha;Masculino;3. Liga;B. Dortmund II
Eredivisie;Holanda;Masculino;Eredivisie;AZ Alkmaar
Eredivisie;Holanda;Masculino;Eredivisie;AZ
Liga Portugal;Portugal;Masculino;Liga Portugal;AVS Futebol SAD
Ligue 2;França;Masculino;Ligue 2;Auxerre
Bundesliga;Alemanha;Masculino;Bundesliga;Austria Wien
Bundesliga;Alemanha;Masculino;Bundesliga;Austria Lustenau
Bundesliga;Alemanha;Masculino;Bundesliga;Austria Klagenfurt
Ö. Bundesliga;Austria;Masculino;Ö. Bundesliga;Austria Klagenfurt
MLS;Estados Unidos;Masculino;MLS;Austin FC
MLS;Estados Unidos;Masculino;Major League Soccer;Austin
A-League;Australia;Masculino;A-League;Auckland FC
Liga Profesional de Fútbol;Argentina;Masculino;Primera División;Atlético Tucumán
Liga Profesional de Fútbol;Argentina;Masculino;Liga Profesional de Fútbol;Atlético Tucumán
Liga Colombia;Colombia;Masculino;Categoría Primera A;Atlético Nacional
Brasileirao;Brasil;Masculino;Série A;Atlético Mineiro
La Liga;Espanha;Masculino;La Liga;Atlético Madrid
La Liga;Espanha;Masculino;LALIGA EA SPORTS;Atlético de Madrid
Liga F;Espanha;Feminino;Liga F;Atlético de Madrid
MLS;Estados Unidos;Masculino;Major League Soccer;Atlanta United
MLS;Estados Unidos;Masculino;MLS;Atlanta United
Liga Colombia;Colombia;Masculino;Liga Colombia;Atl. Nacional
Brasileirao;Brasil;Masculino;Série A;Athletico Paranaense
Liga F;Espanha;Feminino;Liga F;Athletic Club
La Liga;Espanha;Masculino;La Liga;Athletic Club
La Liga;Espanha;Masculino;LALIGA EA SPORTS;Athletic Club
Serie A;Itália;Masculino;Serie A;Atalanta
Superliga Feminina;Inglaterra;Feminino;Barclays WSL;Aston Villa
Premier League;Inglaterra;Masculino;Premier League;Aston Villa
Serie B;Itália;Masculino;Serie B;Ascoli
Ligue 1;França;Masculino;Ligue 1 McDonald's;AS Saint-Étienne
D1 Arkema;França;Feminino;Arkema PL;AS Saint Étienne
Serie A;Itália;Masculino;Serie A Enilive;AS Roma
Ligue 1;França;Masculino;Ligue 1 McDonald's;AS Monaco
Liga Profesional de Fútbol;Argentina;Masculino;Liga Profesional de Fútbol;Arsenal de Sarandi
Premier League;Inglaterra;Masculino;Premier League;Arsenal
Superliga Feminina;Inglaterra;Feminino;Barclays WSL;Arsenal
Liga Portugal;Portugal;Masculino;Liga Portugal;Arouca
Liga Portugal;Portugal;Masculino;Primeira Liga;Arouca
3 Liga;Alemanha;Masculino;3. Liga;Arminia Bielefeld
Liga Profesional de Fútbol;Argentina;Masculino;Liga Profesional de Fútbol;Argentinos Juniors
Copa Sul-Americana;America do Sul;Masculino;Sudamericana;Argentinos Jrs.
Liga do Chipre;Chipre;Masculino;Liga Cyprus;APOEL FC
Liga do Chipre;Chipre;Masculino;1. Division;APOEL
Super Lig;Turquia;Masculino;Trendyol Süper Lig;Antalyaspor
Super Lig;Turquia;Masculino;Süper Lig;Antalyaspor
Ligue 2;França;Masculino;Ligue 2;Annecy
Super Lig;Turquia;Masculino;Süper Lig;Ankaragücü
Ligue 1;França;Masculino;Ligue 1 McDonald's;Angers SCO
Ligue 2;França;Masculino;Ligue 2;Angers SCO
NWSL;Estados Unidos;Feminino;NWSL;Angel City FC
La Liga 2;Espanha;Masculino;La Liga 2;Amorebieta
Ligue 2;França;Masculino;Ligue 2;Amiens SC
Ligue 2;França;Masculino;Ligue 2 BKT;Amiens SC
Copa Sul-Americana;America do Sul;Masculino;Sudamericana;América de Cali
Liga Colombia;Colombia;Masculino;Categoría Primera A;América de Cali
Liga da Bolivia;Bolivia;Masculino;División de Fútbol Profesional;Always Ready
Copa Sul-Americana;America do Sul;Masculino;Sudamericana;Always Ready
La Liga;Espanha;Masculino;La Liga;Almería
Eredivisie;Holanda;Masculino;Eredivisie;Almere City FC
Eredivisie;Holanda;Masculino;Eredivisie;Almere City
Liga do Chile;Chile;Masculino;Primera Division;Alianza Lima
Libertadores;America do Sul;Masculino;Libertadores;Alianza Lima
Copa Sul-Americana;America do Sul;Masculino;Sudamericana;Alianza FC
Liga Colombia;Colombia;Masculino;Categoría Primera A;Alianza
3 Liga;Alemanha;Masculino;3. Liga;Aleman. Aachen
La Liga 2;Espanha;Masculino;La Liga 2;Alcorcón
La Liga 2;Espanha;Masculino;LALIGA HYPERMOTION;Albacete BP
La Liga 2;Espanha;Masculino;La Liga 2;Albacete
Super Lig;Turquia;Masculino;Trendyol Süper Lig;Alanyaspor
Super Lig;Turquia;Masculino;Süper Lig;Alanyaspor
Saudi Pro League;Arabia Saudita;Masculino;ROSHN Saudi League;Al Wehda
Saudi Pro League;Arabia Saudita;Masculino;ROSHN Saudi League;Al Taawoun
Saudi Pro League;Arabia Saudita;Masculino;ROSHN Saudi League;Al Shabab
Saudi Pro League;Arabia Saudita;Masculino;ROSHN Saudi League;Al Riyadh
Saudi Pro League;Arabia Saudita;Masculino;ROSHN Saudi League;Al Raed
Saudi Pro League;Arabia Saudita;Masculino;ROSHN Saudi League;Al Qadisiyah
Saudi Pro League;Arabia Saudita;Masculino;ROSHN Saudi League;Al Orobah
Saudi Pro League;Arabia Saudita;Masculino;ROSHN Saudi League;Al Okhdood
Saudi Pro League;Arabia Saudita;Masculino;ROSHN Saudi League;Al Nassr
Saudi Pro League;Arabia Saudita;Masculino;ROSHN Saudi League;Al Kholood
Saudi Pro League;Arabia Saudita;Masculino;ROSHN Saudi League;Al Khaleej
Saudi Pro League;Arabia Saudita;Masculino;ROSHN Saudi League;Al Ittihad
Saudi Pro League;Arabia Saudita;Masculino;ROSHN Saudi League;Al Hilal
Saudi Pro League;Arabia Saudita;Masculino;ROSHN Saudi League;Al Fayha
Saudi Pro League;Arabia Saudita;Masculino;ROSHN Saudi League;Al Fateh
Liga do Emirados Arabes;Emirados Arabes;Masculino;United Emirates League;Al Ain FC
Saudi Pro League;Arabia Saudita;Masculino;ROSHN Saudi League;Al Ahli
Eredivisie;Holanda;Masculino;Eredivisie;Ajax
Eredivisie Feminina;Holanda;Feminino;Nederland Vrouwen Liga;Ajax
Ligue 2;França;Masculino;Ligue 2;Ajaccio
Ligue 1;França;Masculino;Ligue 1 McDonald's;AJ Auxerre
Allsvenskan;Suecia;Masculino;Allsvenskan;AIK
Superliga;Dinamarca;Masculino;3F Superliga;AGF
Superliga;Dinamarca;Masculino;Superliga;AGF
EFL League Two;Inglaterra;Masculino;EFL League Two;AFC Wimbledon
EFL League Two;Inglaterra;Masculino;League Two;AFC Wimbledon
Premier League;Inglaterra;Masculino;Premier League;AFC Bournemouth
Liga da Grecia;Grecia;Masculino;Hellas Liga;AEK Athens
Copa Sul-Americana;America do Sul;Masculino;Sudamericana;ADT
A-League;Australia;Masculino;A-League Men;Adelaide United
A-League;Australia;Masculino;A-League;Adelaide United
Super Lig;Turquia;Masculino;Trendyol Süper Lig;Adana Demirspor
Super Lig;Turquia;Masculino;Süper Lig;Adana Demirspor
EFL League Two;Inglaterra;Masculino;League Two;Accrington Stanley
EFL League Two;Inglaterra;Masculino;EFL League Two;Accrington
Ligue 2;França;Masculino;Ligue 2 BKT;AC Ajaccio
Scottish Premiership;Escocia;Masculino;Scottish Prem;Aberdeen
Scottish Premiership;Escocia;Masculino;Premiership;Aberdeen
Eliteserien;Noruega;Masculino;Eliteserien;Aalesund
Superliga;Dinamarca;Masculino;3F Superliga;AaB
3 Liga;Alemanha;Masculino;3. Liga;1860 München
Bundesliga;Alemanha;Masculino;Bundesliga;1. FSV Mainz 05
Bundesliga 2;Alemanha;Masculino;Bundesliga 2;1. FC Nürnberg
Bundesliga 2;Alemanha;Masculino;Bundesliga 2;1. FC Magdeburg
Bundesliga 2;Alemanha;Masculino;Bundesliga 2;1. FC Köln
Frauen-Bundesliga;Alemanha;Feminino;GPFBL;1. FC Köln
Pro League;Belgica;Masculino;Pro League;Sporting Charleroi
Saudi Pro League;Arabia Saudita;Masculino;Pro League;Al Ain
Pro League;Belgica;Masculino;Pro League;Kortrijk
Pro League;Belgica;Masculino;Pro League;Standard Liège
Saudi Pro League;Arabia Saudita;Masculino;Pro League;Al Fateh
Pro League;Belgica;Masculino;Pro League;Cercle Brugge
Saudi Pro League;Arabia Saudita;Masculino;Pro League;Al Nassr
Saudi Pro League;Arabia Saudita;Masculino;Pro League;Al Fayha
Pro League;Belgica;Masculino;Pro League;Genk
Saudi Pro League;Arabia Saudita;Masculino;Pro League;Al Wahda
Pro League;Belgica;Masculino;Pro League;AS Eupen
Saudi Pro League;Arabia Saudita;Masculino;Pro League;Abha
Pro League;Belgica;Masculino;Pro League;Anderlecht
Saudi Pro League;Arabia Saudita;Masculino;Pro League;Al Riyadh
Saudi Pro League;Arabia Saudita;Masculino;Pro League;Al Tai
Pro League;Belgica;Masculino;Pro League;Sint-Truiden
Saudi Pro League;Arabia Saudita;Masculino;Pro League;Al Ettifaq
Pro League;Belgica;Masculino;Pro League;Antwerp
Saudi Pro League;Arabia Saudita;Masculino;Pro League;Al Hilal
Saudi Pro League;Arabia Saudita;Masculino;Pro League;Al Taawon
Saudi Pro League;Arabia Saudita;Masculino;Pro League;Al Ahli Jeddah
Saudi Pro League;Arabia Saudita;Masculino;Pro League;Al Shabab
Pro League;Belgica;Masculino;Pro League;Westerlo
Saudi Pro League;Arabia Saudita;Masculino;Pro League;Al Ittihad
Pro League;Belgica;Masculino;Pro League;Union Saint-Gilloise
Pro League;Belgica;Masculino;Pro League;Club Brugge
Saudi Pro League;Arabia Saudita;Masculino;Pro League;Al Hazem
Saudi Pro League;Arabia Saudita;Masculino;Pro League;Damac
Pro League;Belgica;Masculino;Pro League;OH Leuven
Saudi Pro League;Arabia Saudita;Masculino;Pro League;Al Khaleej
Pro League;Belgica;Masculino;Pro League;RWDM
Pro League;Belgica;Masculino;Pro League;Mechelen
Saudi Pro League;Arabia Saudita;Masculino;Pro League;Al Okhdood
Saudi Pro League;Arabia Saudita;Masculino;Pro League;Al Raed
Pro League;Belgica;Masculino;Pro League;Gent
Chinese Super League;China;Masculino;CSL;Shandong Taishan
Hero Indian Super Legue;India;Masculino;Super League;Jamshedpur
Chinese Super League;China;Masculino;Super League;Shandong Taishan
Chinese Super League;China;Masculino;CSL;Shanghai Port FC
Hero Indian Super Legue;India;Masculino;ISL;Hyderabad FC
Chinese Super League;China;Masculino;CSL;Shanghai Shenhua
Liga da Grecia;Grecia;Masculino;Super League;PAOK
Superliga Suica;Suiça;Masculino;Super League;Winterthur
Superliga Suica;Suiça;Masculino;Super League;Grasshopper
Chinese Super League;China;Masculino;Super League;Shanghai Shenhua
Superliga Suica;Suiça;Masculino;Super League;Luzern
Liga da Grecia;Grecia;Masculino;Super League;AEK Athens
Chinese Super League;China;Masculino;Super League;Shenzhen
Hero Indian Super Legue;India;Masculino;Super League;Hyderabad
Hero Indian Super Legue;India;Masculino;Super League;Goa
Superliga Suica;Suiça;Masculino;Super League;Young Boys
Hero Indian Super Legue;India;Masculino;ISL;FC Goa
Chinese Super League;China;Masculino;CSL;SZ Peng City
Superliga Suica;Suiça;Masculino;Super League;St. Gallen
Chinese Super League;China;Masculino;Super League;Tianjin Jinmen Tiger
Chinese Super League;China;Masculino;CSL;Tianjin JMT FC
Superliga Suica;Suiça;Masculino;Super League;Lausanne Sport
Hero Indian Super Legue;India;Masculino;ISL;East Bengal
Hero Indian Super Legue;India;Masculino;Super League;East Bengal
Superliga Suica;Suiça;Masculino;Super League;Servette
Hero Indian Super Legue;India;Masculino;ISL;Chennaiyin FC
Superliga Suica;Suiça;Masculino;Super League;Lugano
Superliga Suica;Suiça;Masculino;Super League;Stade Lausanne-Ouchy
Chinese Super League;China;Masculino;CSL;Wuhan Three Towns
Chinese Super League;China;Masculino;Super League;Dalian Professional
Liga da Grecia;Grecia;Masculino;Super League;Panathinaikos
Superliga Suica;Suiça;Masculino;Super League;Yverdon Sport
Chinese Super League;China;Masculino;Super League;Wuhan Three Towns
Chinese Super League;China;Masculino;Super League;Meizhou Hakka
Hero Indian Super Legue;India;Masculino;Super League;Chennaiyin
Chinese Super League;China;Masculino;Super League;Zhejiang
Chinese Super League;China;Masculino;CSL;Zhejiang Pro
Superliga Suica;Suiça;Masculino;Super League;Zürich
Hero Indian Super Legue;India;Masculino;ISL;Bengaluru FC
Hero Indian Super Legue;India;Masculino;Super League;Bengaluru
Hero Indian Super Legue;India;Masculino;Super League;ATK Mohun Bagan
Superliga Suica;Suiça;Masculino;Super League;Basel
